filepath,xmin,ymin,xmax,ymax
C:/Users/MRITH/Downloads/ANN_CA_3/Number-Plate-Recognition/images/Cars0.png,127,276,178,80
C:/Users/MRITH/Downloads/ANN_CA_3/Number-Plate-Recognition/images/Cars1.png,134,128,262,160
C:/Users/MRITH/Downloads/ANN_CA_3/Number-Plate-Recognition/images/Cars2.png,229,176,270,193
C:/Users/MRITH/Downloads/ANN_CA_3/Number-Plate-Recognition/images/Cars3.png,142,128,261,157
C:/Users/MRITH/Downloads/ANN_CA_3/Number-Plate-Recognition/images/Cars4.png,156,82,503,253
C:/Users/MRITH/Downloads/ANN_CA_3/Number-Plate-Recognition/images/Cars5.png,226,218,242,240
C:/Users/MRITH/Downloads/ANN_CA_3/Number-Plate-Recognition/images/Cars6.png,112,114,373,239
C:/Users/MRITH/Downloads/ANN_CA_3/Number-Plate-Recognition/images/Cars7.png,166,141,206,154
C:/Users/MRITH/Downloads/ANN_CA_3/Number-Plate-Recognition/images/Cars8.png,204,104,304,134
C:/Users/MRITH/Downloads/ANN_CA_3/Number-Plate-Recognition/images/Cars9.png,164,224,272,247
C:/Users/MRITH/Downloads/ANN_CA_3/Number-Plate-Recognition/images/Cars10.png,140,5,303,148
C:/Users/MRITH/Downloads/ANN_CA_3/Number-Plate-Recognition/images/Cars11.png,131,206,273,234
C:/Users/MRITH/Downloads/ANN_CA_3/Number-Plate-Recognition/images/Cars12.png,122,82,277,117
C:/Users/MRITH/Downloads/ANN_CA_3/Number-Plate-Recognition/images/Cars13.png,191,147,242,169
C:/Users/MRITH/Downloads/ANN_CA_3/Number-Plate-Recognition/images/Cars14.png,94,118,274,163
C:/Users/MRITH/Downloads/ANN_CA_3/Number-Plate-Recognition/images/Cars15.png,310,146,372,171
C:/Users/MRITH/Downloads/ANN_CA_3/Number-Plate-Recognition/images/Cars16.png,36,175,62,186
C:/Users/MRITH/Downloads/ANN_CA_3/Number-Plate-Recognition/images/Cars17.png,306,188,351,205
C:/Users/MRITH/Downloads/ANN_CA_3/Number-Plate-Recognition/images/Cars18.png,313,286,405,311
C:/Users/MRITH/Downloads/ANN_CA_3/Number-Plate-Recognition/images/Cars19.png,148,195,221,232
C:/Users/MRITH/Downloads/ANN_CA_3/Number-Plate-Recognition/images/Cars20.png,18,135,48,152
C:/Users/MRITH/Downloads/ANN_CA_3/Number-Plate-Recognition/images/Cars21.png,191,165,255,192
C:/Users/MRITH/Downloads/ANN_CA_3/Number-Plate-Recognition/images/Cars22.png,207,104,260,116
C:/Users/MRITH/Downloads/ANN_CA_3/Number-Plate-Recognition/images/Cars23.png,143,172,213,211
C:/Users/MRITH/Downloads/ANN_CA_3/Number-Plate-Recognition/images/Cars24.png,167,202,240,221
C:/Users/MRITH/Downloads/ANN_CA_3/Number-Plate-Recognition/images/Cars25.png,177,139,216,159
C:/Users/MRITH/Downloads/ANN_CA_3/Number-Plate-Recognition/images/Cars26.png,258,184,321,213
C:/Users/MRITH/Downloads/ANN_CA_3/Number-Plate-Recognition/images/Cars27.png,148,127,245,159
C:/Users/MRITH/Downloads/ANN_CA_3/Number-Plate-Recognition/images/Cars28.png,541,366,598,384
C:/Users/MRITH/Downloads/ANN_CA_3/Number-Plate-Recognition/images/Cars29.png,143,171,211,208
C:/Users/MRITH/Downloads/ANN_CA_3/Number-Plate-Recognition/images/Cars30.png,155,169,200,182
C:/Users/MRITH/Downloads/ANN_CA_3/Number-Plate-Recognition/images/Cars31.png,286,173,400,211
C:/Users/MRITH/Downloads/ANN_CA_3/Number-Plate-Recognition/images/Cars32.png,200,149,251,167
C:/Users/MRITH/Downloads/ANN_CA_3/Number-Plate-Recognition/images/Cars33.png,94,56,306,169
C:/Users/MRITH/Downloads/ANN_CA_3/Number-Plate-Recognition/images/Cars34.png,147,181,260,206
C:/Users/MRITH/Downloads/ANN_CA_3/Number-Plate-Recognition/images/Cars35.png,91,186,137,208
C:/Users/MRITH/Downloads/ANN_CA_3/Number-Plate-Recognition/images/Cars36.png,203,193,285,229
C:/Users/MRITH/Downloads/ANN_CA_3/Number-Plate-Recognition/images/Cars37.png,146,114,246,163
C:/Users/MRITH/Downloads/ANN_CA_3/Number-Plate-Recognition/images/Cars38.png,168,196,240,231
C:/Users/MRITH/Downloads/ANN_CA_3/Number-Plate-Recognition/images/Cars39.png,225,180,328,213
C:/Users/MRITH/Downloads/ANN_CA_3/Number-Plate-Recognition/images/Cars40.png,261,186,317,211
C:/Users/MRITH/Downloads/ANN_CA_3/Number-Plate-Recognition/images/Cars41.png,109,182,159,206
C:/Users/MRITH/Downloads/ANN_CA_3/Number-Plate-Recognition/images/Cars42.png,177,140,217,159
C:/Users/MRITH/Downloads/ANN_CA_3/Number-Plate-Recognition/images/Cars43.png,142,111,319,161
C:/Users/MRITH/Downloads/ANN_CA_3/Number-Plate-Recognition/images/Cars44.png,18,153,430,271
C:/Users/MRITH/Downloads/ANN_CA_3/Number-Plate-Recognition/images/Cars45.png,204,103,280,175
C:/Users/MRITH/Downloads/ANN_CA_3/Number-Plate-Recognition/images/Cars46.png,189,193,352,248
C:/Users/MRITH/Downloads/ANN_CA_3/Number-Plate-Recognition/images/Cars47.png,6,143,48,161
C:/Users/MRITH/Downloads/ANN_CA_3/Number-Plate-Recognition/images/Cars48.png,95,117,286,155
C:/Users/MRITH/Downloads/ANN_CA_3/Number-Plate-Recognition/images/Cars49.png,268,171,314,190
C:/Users/MRITH/Downloads/ANN_CA_3/Number-Plate-Recognition/images/Cars50.png,116,55,525,262
C:/Users/MRITH/Downloads/ANN_CA_3/Number-Plate-Recognition/images/Cars51.png,264,141,318,162
C:/Users/MRITH/Downloads/ANN_CA_3/Number-Plate-Recognition/images/Cars52.png,226,181,327,210
C:/Users/MRITH/Downloads/ANN_CA_3/Number-Plate-Recognition/images/Cars53.png,146,187,260,213
C:/Users/MRITH/Downloads/ANN_CA_3/Number-Plate-Recognition/images/Cars54.png,148,61,257,118
C:/Users/MRITH/Downloads/ANN_CA_3/Number-Plate-Recognition/images/Cars55.png,143,171,210,208
C:/Users/MRITH/Downloads/ANN_CA_3/Number-Plate-Recognition/images/Cars56.png,87,82,339,146
C:/Users/MRITH/Downloads/ANN_CA_3/Number-Plate-Recognition/images/Cars57.png,270,162,321,195
C:/Users/MRITH/Downloads/ANN_CA_3/Number-Plate-Recognition/images/Cars58.png,154,166,241,187
C:/Users/MRITH/Downloads/ANN_CA_3/Number-Plate-Recognition/images/Cars59.png,324,162,375,175
C:/Users/MRITH/Downloads/ANN_CA_3/Number-Plate-Recognition/images/Cars60.png,45,98,364,159
C:/Users/MRITH/Downloads/ANN_CA_3/Number-Plate-Recognition/images/Cars61.png,71,124,198,231
C:/Users/MRITH/Downloads/ANN_CA_3/Number-Plate-Recognition/images/Cars62.png,156,110,243,159
C:/Users/MRITH/Downloads/ANN_CA_3/Number-Plate-Recognition/images/Cars63.png,54,201,91,226
C:/Users/MRITH/Downloads/ANN_CA_3/Number-Plate-Recognition/images/Cars64.png,120,187,325,220
C:/Users/MRITH/Downloads/ANN_CA_3/Number-Plate-Recognition/images/Cars65.png,207,200,300,260
C:/Users/MRITH/Downloads/ANN_CA_3/Number-Plate-Recognition/images/Cars66.png,144,170,211,202
C:/Users/MRITH/Downloads/ANN_CA_3/Number-Plate-Recognition/images/Cars67.png,189,223,328,248
C:/Users/MRITH/Downloads/ANN_CA_3/Number-Plate-Recognition/images/Cars68.png,189,142,245,171
C:/Users/MRITH/Downloads/ANN_CA_3/Number-Plate-Recognition/images/Cars69.png,77,150,124,175
C:/Users/MRITH/Downloads/ANN_CA_3/Number-Plate-Recognition/images/Cars70.png,179,115,213,133
C:/Users/MRITH/Downloads/ANN_CA_3/Number-Plate-Recognition/images/Cars71.png,254,144,284,152
C:/Users/MRITH/Downloads/ANN_CA_3/Number-Plate-Recognition/images/Cars72.png,156,182,255,208
C:/Users/MRITH/Downloads/ANN_CA_3/Number-Plate-Recognition/images/Cars73.png,119,22,283,69
C:/Users/MRITH/Downloads/ANN_CA_3/Number-Plate-Recognition/images/Cars74.png,115,115,277,153
C:/Users/MRITH/Downloads/ANN_CA_3/Number-Plate-Recognition/images/Cars75.png,209,196,218,201
C:/Users/MRITH/Downloads/ANN_CA_3/Number-Plate-Recognition/images/Cars76.png,6,114,470,233
C:/Users/MRITH/Downloads/ANN_CA_3/Number-Plate-Recognition/images/Cars77.png,229,151,309,178
C:/Users/MRITH/Downloads/ANN_CA_3/Number-Plate-Recognition/images/Cars78.png,149,210,249,239
C:/Users/MRITH/Downloads/ANN_CA_3/Number-Plate-Recognition/images/Cars79.png,238,363,350,422
C:/Users/MRITH/Downloads/ANN_CA_3/Number-Plate-Recognition/images/Cars80.png,94,148,279,186
C:/Users/MRITH/Downloads/ANN_CA_3/Number-Plate-Recognition/images/Cars81.png,297,100,327,125
C:/Users/MRITH/Downloads/ANN_CA_3/Number-Plate-Recognition/images/Cars82.png,190,59,257,77
C:/Users/MRITH/Downloads/ANN_CA_3/Number-Plate-Recognition/images/Cars83.png,251,295,326,341
C:/Users/MRITH/Downloads/ANN_CA_3/Number-Plate-Recognition/images/Cars84.png,167,201,238,220
C:/Users/MRITH/Downloads/ANN_CA_3/Number-Plate-Recognition/images/Cars85.png,86,218,146,235
C:/Users/MRITH/Downloads/ANN_CA_3/Number-Plate-Recognition/images/Cars86.png,332,176,447,204
C:/Users/MRITH/Downloads/ANN_CA_3/Number-Plate-Recognition/images/Cars87.png,3,205,45,220
C:/Users/MRITH/Downloads/ANN_CA_3/Number-Plate-Recognition/images/Cars88.png,168,148,242,171
C:/Users/MRITH/Downloads/ANN_CA_3/Number-Plate-Recognition/images/Cars89.png,307,206,345,221
C:/Users/MRITH/Downloads/ANN_CA_3/Number-Plate-Recognition/images/Cars90.png,77,204,101,225
C:/Users/MRITH/Downloads/ANN_CA_3/Number-Plate-Recognition/images/Cars91.png,269,170,317,189
C:/Users/MRITH/Downloads/ANN_CA_3/Number-Plate-Recognition/images/Cars92.png,281,185,393,271
C:/Users/MRITH/Downloads/ANN_CA_3/Number-Plate-Recognition/images/Cars93.png,347,122,367,132
C:/Users/MRITH/Downloads/ANN_CA_3/Number-Plate-Recognition/images/Cars94.png,176,210,251,248
C:/Users/MRITH/Downloads/ANN_CA_3/Number-Plate-Recognition/images/Cars95.png,278,182,407,263
C:/Users/MRITH/Downloads/ANN_CA_3/Number-Plate-Recognition/images/Cars96.png,133,126,261,160
C:/Users/MRITH/Downloads/ANN_CA_3/Number-Plate-Recognition/images/Cars97.png,98,102,297,191
C:/Users/MRITH/Downloads/ANN_CA_3/Number-Plate-Recognition/images/Cars98.png,85,196,247,259
C:/Users/MRITH/Downloads/ANN_CA_3/Number-Plate-Recognition/images/Cars99.png,70,198,262,271
C:/Users/MRITH/Downloads/ANN_CA_3/Number-Plate-Recognition/images/Cars100.png,175,114,214,131
C:/Users/MRITH/Downloads/ANN_CA_3/Number-Plate-Recognition/images/Cars101.png,167,202,240,220
C:/Users/MRITH/Downloads/ANN_CA_3/Number-Plate-Recognition/images/Cars102.png,66,147,322,199
C:/Users/MRITH/Downloads/ANN_CA_3/Number-Plate-Recognition/images/Cars103.png,230,129,248,134
C:/Users/MRITH/Downloads/ANN_CA_3/Number-Plate-Recognition/images/Cars104.png,195,266,244,282
C:/Users/MRITH/Downloads/ANN_CA_3/Number-Plate-Recognition/images/Cars105.png,152,147,206,159
C:/Users/MRITH/Downloads/ANN_CA_3/Number-Plate-Recognition/images/Cars106.png,138,79,177,92
C:/Users/MRITH/Downloads/ANN_CA_3/Number-Plate-Recognition/images/Cars107.png,141,113,311,164
C:/Users/MRITH/Downloads/ANN_CA_3/Number-Plate-Recognition/images/Cars108.png,158,216,277,248
C:/Users/MRITH/Downloads/ANN_CA_3/Number-Plate-Recognition/images/Cars109.png,115,116,278,153
C:/Users/MRITH/Downloads/ANN_CA_3/Number-Plate-Recognition/images/Cars110.png,286,133,328,159
C:/Users/MRITH/Downloads/ANN_CA_3/Number-Plate-Recognition/images/Cars111.png,319,165,478,204
C:/Users/MRITH/Downloads/ANN_CA_3/Number-Plate-Recognition/images/Cars112.png,49,135,164,191
C:/Users/MRITH/Downloads/ANN_CA_3/Number-Plate-Recognition/images/Cars113.png,151,113,306,180
C:/Users/MRITH/Downloads/ANN_CA_3/Number-Plate-Recognition/images/Cars114.png,7,16,493,256
C:/Users/MRITH/Downloads/ANN_CA_3/Number-Plate-Recognition/images/Cars115.png,315,287,407,311
C:/Users/MRITH/Downloads/ANN_CA_3/Number-Plate-Recognition/images/Cars116.png,149,218,267,247
C:/Users/MRITH/Downloads/ANN_CA_3/Number-Plate-Recognition/images/Cars117.png,42,126,86,137
C:/Users/MRITH/Downloads/ANN_CA_3/Number-Plate-Recognition/images/Cars118.png,193,165,394,217
C:/Users/MRITH/Downloads/ANN_CA_3/Number-Plate-Recognition/images/Cars119.png,187,140,217,153
C:/Users/MRITH/Downloads/ANN_CA_3/Number-Plate-Recognition/images/Cars120.png,159,178,250,200
C:/Users/MRITH/Downloads/ANN_CA_3/Number-Plate-Recognition/images/Cars121.png,336,192,357,204
C:/Users/MRITH/Downloads/ANN_CA_3/Number-Plate-Recognition/images/Cars122.png,195,147,254,169
C:/Users/MRITH/Downloads/ANN_CA_3/Number-Plate-Recognition/images/Cars123.png,159,221,237,242
C:/Users/MRITH/Downloads/ANN_CA_3/Number-Plate-Recognition/images/Cars124.png,305,256,320,267
C:/Users/MRITH/Downloads/ANN_CA_3/Number-Plate-Recognition/images/Cars125.png,280,196,355,257
C:/Users/MRITH/Downloads/ANN_CA_3/Number-Plate-Recognition/images/Cars126.png,103,99,293,201
C:/Users/MRITH/Downloads/ANN_CA_3/Number-Plate-Recognition/images/Cars127.png,360,166,383,181
C:/Users/MRITH/Downloads/ANN_CA_3/Number-Plate-Recognition/images/Cars128.png,112,65,306,173
C:/Users/MRITH/Downloads/ANN_CA_3/Number-Plate-Recognition/images/Cars129.png,204,213,282,267
C:/Users/MRITH/Downloads/ANN_CA_3/Number-Plate-Recognition/images/Cars130.png,91,110,166,140
C:/Users/MRITH/Downloads/ANN_CA_3/Number-Plate-Recognition/images/Cars131.png,19,29,497,245
C:/Users/MRITH/Downloads/ANN_CA_3/Number-Plate-Recognition/images/Cars132.png,23,190,56,198
C:/Users/MRITH/Downloads/ANN_CA_3/Number-Plate-Recognition/images/Cars133.png,247,185,375,223
C:/Users/MRITH/Downloads/ANN_CA_3/Number-Plate-Recognition/images/Cars134.png,76,151,133,174
C:/Users/MRITH/Downloads/ANN_CA_3/Number-Plate-Recognition/images/Cars135.png,260,184,319,211
C:/Users/MRITH/Downloads/ANN_CA_3/Number-Plate-Recognition/images/Cars136.png,164,104,245,119
C:/Users/MRITH/Downloads/ANN_CA_3/Number-Plate-Recognition/images/Cars137.png,178,181,204,191
C:/Users/MRITH/Downloads/ANN_CA_3/Number-Plate-Recognition/images/Cars138.png,153,141,254,185
C:/Users/MRITH/Downloads/ANN_CA_3/Number-Plate-Recognition/images/Cars139.png,315,189,337,197
C:/Users/MRITH/Downloads/ANN_CA_3/Number-Plate-Recognition/images/Cars140.png,283,239,424,286
C:/Users/MRITH/Downloads/ANN_CA_3/Number-Plate-Recognition/images/Cars141.png,266,169,307,188
C:/Users/MRITH/Downloads/ANN_CA_3/Number-Plate-Recognition/images/Cars142.png,178,124,273,144
C:/Users/MRITH/Downloads/ANN_CA_3/Number-Plate-Recognition/images/Cars143.png,93,196,130,207
C:/Users/MRITH/Downloads/ANN_CA_3/Number-Plate-Recognition/images/Cars144.png,101,114,215,154
C:/Users/MRITH/Downloads/ANN_CA_3/Number-Plate-Recognition/images/Cars145.png,282,236,422,283
C:/Users/MRITH/Downloads/ANN_CA_3/Number-Plate-Recognition/images/Cars146.png,143,263,170,271
C:/Users/MRITH/Downloads/ANN_CA_3/Number-Plate-Recognition/images/Cars147.png,226,125,420,169
C:/Users/MRITH/Downloads/ANN_CA_3/Number-Plate-Recognition/images/Cars148.png,135,134,218,158
C:/Users/MRITH/Downloads/ANN_CA_3/Number-Plate-Recognition/images/Cars149.png,212,182,245,203
C:/Users/MRITH/Downloads/ANN_CA_3/Number-Plate-Recognition/images/Cars150.png,122,198,262,232
C:/Users/MRITH/Downloads/ANN_CA_3/Number-Plate-Recognition/images/Cars151.png,54,135,120,178
C:/Users/MRITH/Downloads/ANN_CA_3/Number-Plate-Recognition/images/Cars152.png,92,258,199,284
C:/Users/MRITH/Downloads/ANN_CA_3/Number-Plate-Recognition/images/Cars153.png,146,118,311,170
C:/Users/MRITH/Downloads/ANN_CA_3/Number-Plate-Recognition/images/Cars154.png,70,197,264,265
C:/Users/MRITH/Downloads/ANN_CA_3/Number-Plate-Recognition/images/Cars155.png,150,177,203,190
C:/Users/MRITH/Downloads/ANN_CA_3/Number-Plate-Recognition/images/Cars156.png,114,78,230,102
C:/Users/MRITH/Downloads/ANN_CA_3/Number-Plate-Recognition/images/Cars157.png,330,152,366,179
C:/Users/MRITH/Downloads/ANN_CA_3/Number-Plate-Recognition/images/Cars158.png,97,118,296,210
C:/Users/MRITH/Downloads/ANN_CA_3/Number-Plate-Recognition/images/Cars159.png,149,184,261,211
C:/Users/MRITH/Downloads/ANN_CA_3/Number-Plate-Recognition/images/Cars160.png,209,137,281,174
C:/Users/MRITH/Downloads/ANN_CA_3/Number-Plate-Recognition/images/Cars161.png,312,283,406,311
C:/Users/MRITH/Downloads/ANN_CA_3/Number-Plate-Recognition/images/Cars162.png,201,168,268,213
C:/Users/MRITH/Downloads/ANN_CA_3/Number-Plate-Recognition/images/Cars163.png,220,173,360,200
C:/Users/MRITH/Downloads/ANN_CA_3/Number-Plate-Recognition/images/Cars164.png,160,144,239,183
C:/Users/MRITH/Downloads/ANN_CA_3/Number-Plate-Recognition/images/Cars165.png,209,217,293,254
C:/Users/MRITH/Downloads/ANN_CA_3/Number-Plate-Recognition/images/Cars166.png,148,123,201,150
C:/Users/MRITH/Downloads/ANN_CA_3/Number-Plate-Recognition/images/Cars167.png,176,254,327,285
C:/Users/MRITH/Downloads/ANN_CA_3/Number-Plate-Recognition/images/Cars168.png,82,95,137,125
C:/Users/MRITH/Downloads/ANN_CA_3/Number-Plate-Recognition/images/Cars169.png,114,79,229,101
C:/Users/MRITH/Downloads/ANN_CA_3/Number-Plate-Recognition/images/Cars170.png,318,190,346,224
C:/Users/MRITH/Downloads/ANN_CA_3/Number-Plate-Recognition/images/Cars171.png,192,146,242,167
C:/Users/MRITH/Downloads/ANN_CA_3/Number-Plate-Recognition/images/Cars172.png,173,209,301,239
C:/Users/MRITH/Downloads/ANN_CA_3/Number-Plate-Recognition/images/Cars173.png,170,118,252,163
C:/Users/MRITH/Downloads/ANN_CA_3/Number-Plate-Recognition/images/Cars174.png,283,159,306,168
C:/Users/MRITH/Downloads/ANN_CA_3/Number-Plate-Recognition/images/Cars175.png,295,237,456,367
C:/Users/MRITH/Downloads/ANN_CA_3/Number-Plate-Recognition/images/Cars176.png,72,67,308,185
C:/Users/MRITH/Downloads/ANN_CA_3/Number-Plate-Recognition/images/Cars177.png,149,166,272,193
C:/Users/MRITH/Downloads/ANN_CA_3/Number-Plate-Recognition/images/Cars178.png,126,180,173,205
C:/Users/MRITH/Downloads/ANN_CA_3/Number-Plate-Recognition/images/Cars179.png,72,160,132,197
C:/Users/MRITH/Downloads/ANN_CA_3/Number-Plate-Recognition/images/Cars180.png,151,115,304,187
C:/Users/MRITH/Downloads/ANN_CA_3/Number-Plate-Recognition/images/Cars181.png,69,195,128,209
C:/Users/MRITH/Downloads/ANN_CA_3/Number-Plate-Recognition/images/Cars182.png,168,139,247,159
C:/Users/MRITH/Downloads/ANN_CA_3/Number-Plate-Recognition/images/Cars183.png,97,138,234,170
C:/Users/MRITH/Downloads/ANN_CA_3/Number-Plate-Recognition/images/Cars184.png,163,146,212,159
C:/Users/MRITH/Downloads/ANN_CA_3/Number-Plate-Recognition/images/Cars185.png,154,147,293,194
C:/Users/MRITH/Downloads/ANN_CA_3/Number-Plate-Recognition/images/Cars186.png,175,152,242,175
C:/Users/MRITH/Downloads/ANN_CA_3/Number-Plate-Recognition/images/Cars187.png,96,116,287,155
C:/Users/MRITH/Downloads/ANN_CA_3/Number-Plate-Recognition/images/Cars188.png,32,184,43,193
C:/Users/MRITH/Downloads/ANN_CA_3/Number-Plate-Recognition/images/Cars189.png,285,241,423,286
C:/Users/MRITH/Downloads/ANN_CA_3/Number-Plate-Recognition/images/Cars190.png,149,210,245,235
C:/Users/MRITH/Downloads/ANN_CA_3/Number-Plate-Recognition/images/Cars191.png,96,189,199,217
C:/Users/MRITH/Downloads/ANN_CA_3/Number-Plate-Recognition/images/Cars192.png,108,150,211,173
C:/Users/MRITH/Downloads/ANN_CA_3/Number-Plate-Recognition/images/Cars193.png,306,193,344,214
C:/Users/MRITH/Downloads/ANN_CA_3/Number-Plate-Recognition/images/Cars194.png,267,170,316,183
C:/Users/MRITH/Downloads/ANN_CA_3/Number-Plate-Recognition/images/Cars195.png,450,223,526,244
C:/Users/MRITH/Downloads/ANN_CA_3/Number-Plate-Recognition/images/Cars196.png,105,128,130,140
C:/Users/MRITH/Downloads/ANN_CA_3/Number-Plate-Recognition/images/Cars197.png,222,176,359,201
C:/Users/MRITH/Downloads/ANN_CA_3/Number-Plate-Recognition/images/Cars198.png,166,225,273,246
C:/Users/MRITH/Downloads/ANN_CA_3/Number-Plate-Recognition/images/Cars199.png,59,88,310,158
C:/Users/MRITH/Downloads/ANN_CA_3/Number-Plate-Recognition/images/Cars200.png,95,189,195,217
C:/Users/MRITH/Downloads/ANN_CA_3/Number-Plate-Recognition/images/Cars201.png,216,171,367,208
C:/Users/MRITH/Downloads/ANN_CA_3/Number-Plate-Recognition/images/Cars202.png,197,135,249,159
C:/Users/MRITH/Downloads/ANN_CA_3/Number-Plate-Recognition/images/Cars203.png,116,112,271,165
C:/Users/MRITH/Downloads/ANN_CA_3/Number-Plate-Recognition/images/Cars204.png,193,145,279,187
C:/Users/MRITH/Downloads/ANN_CA_3/Number-Plate-Recognition/images/Cars205.png,156,162,221,199
C:/Users/MRITH/Downloads/ANN_CA_3/Number-Plate-Recognition/images/Cars206.png,95,185,164,206
C:/Users/MRITH/Downloads/ANN_CA_3/Number-Plate-Recognition/images/Cars207.png,254,229,372,264
C:/Users/MRITH/Downloads/ANN_CA_3/Number-Plate-Recognition/images/Cars208.png,142,123,232,169
C:/Users/MRITH/Downloads/ANN_CA_3/Number-Plate-Recognition/images/Cars209.png,359,172,387,186
C:/Users/MRITH/Downloads/ANN_CA_3/Number-Plate-Recognition/images/Cars210.png,54,90,315,159
C:/Users/MRITH/Downloads/ANN_CA_3/Number-Plate-Recognition/images/Cars211.png,28,64,387,235
C:/Users/MRITH/Downloads/ANN_CA_3/Number-Plate-Recognition/images/Cars212.png,105,94,290,141
C:/Users/MRITH/Downloads/ANN_CA_3/Number-Plate-Recognition/images/Cars213.png,150,160,233,194
C:/Users/MRITH/Downloads/ANN_CA_3/Number-Plate-Recognition/images/Cars214.png,188,121,214,134
C:/Users/MRITH/Downloads/ANN_CA_3/Number-Plate-Recognition/images/Cars215.png,92,105,162,123
C:/Users/MRITH/Downloads/ANN_CA_3/Number-Plate-Recognition/images/Cars216.png,205,214,280,262
C:/Users/MRITH/Downloads/ANN_CA_3/Number-Plate-Recognition/images/Cars217.png,149,196,223,231
C:/Users/MRITH/Downloads/ANN_CA_3/Number-Plate-Recognition/images/Cars218.png,0,166,27,188
C:/Users/MRITH/Downloads/ANN_CA_3/Number-Plate-Recognition/images/Cars219.png,127,172,462,236
C:/Users/MRITH/Downloads/ANN_CA_3/Number-Plate-Recognition/images/Cars220.png,142,168,188,182
C:/Users/MRITH/Downloads/ANN_CA_3/Number-Plate-Recognition/images/Cars221.png,102,122,125,135
C:/Users/MRITH/Downloads/ANN_CA_3/Number-Plate-Recognition/images/Cars222.png,178,158,235,170
C:/Users/MRITH/Downloads/ANN_CA_3/Number-Plate-Recognition/images/Cars223.png,347,231,407,249
C:/Users/MRITH/Downloads/ANN_CA_3/Number-Plate-Recognition/images/Cars224.png,181,250,243,275
C:/Users/MRITH/Downloads/ANN_CA_3/Number-Plate-Recognition/images/Cars225.png,189,161,384,215
C:/Users/MRITH/Downloads/ANN_CA_3/Number-Plate-Recognition/images/Cars226.png,249,194,318,213
C:/Users/MRITH/Downloads/ANN_CA_3/Number-Plate-Recognition/images/Cars227.png,118,199,153,211
C:/Users/MRITH/Downloads/ANN_CA_3/Number-Plate-Recognition/images/Cars228.png,86,127,113,143
C:/Users/MRITH/Downloads/ANN_CA_3/Number-Plate-Recognition/images/Cars229.png,253,163,284,177
C:/Users/MRITH/Downloads/ANN_CA_3/Number-Plate-Recognition/images/Cars230.png,222,173,361,202
C:/Users/MRITH/Downloads/ANN_CA_3/Number-Plate-Recognition/images/Cars231.png,64,160,133,180
C:/Users/MRITH/Downloads/ANN_CA_3/Number-Plate-Recognition/images/Cars232.png,175,174,228,201
C:/Users/MRITH/Downloads/ANN_CA_3/Number-Plate-Recognition/images/Cars233.png,189,55,259,78
C:/Users/MRITH/Downloads/ANN_CA_3/Number-Plate-Recognition/images/Cars234.png,160,149,246,171
C:/Users/MRITH/Downloads/ANN_CA_3/Number-Plate-Recognition/images/Cars235.png,152,145,247,167
C:/Users/MRITH/Downloads/ANN_CA_3/Number-Plate-Recognition/images/Cars236.png,223,106,250,119
C:/Users/MRITH/Downloads/ANN_CA_3/Number-Plate-Recognition/images/Cars237.png,118,148,154,169
C:/Users/MRITH/Downloads/ANN_CA_3/Number-Plate-Recognition/images/Cars238.png,276,186,396,273
C:/Users/MRITH/Downloads/ANN_CA_3/Number-Plate-Recognition/images/Cars239.png,176,254,326,284
C:/Users/MRITH/Downloads/ANN_CA_3/Number-Plate-Recognition/images/Cars240.png,171,116,232,132
C:/Users/MRITH/Downloads/ANN_CA_3/Number-Plate-Recognition/images/Cars241.png,126,142,241,199
C:/Users/MRITH/Downloads/ANN_CA_3/Number-Plate-Recognition/images/Cars242.png,224,170,277,199
C:/Users/MRITH/Downloads/ANN_CA_3/Number-Plate-Recognition/images/Cars243.png,129,174,465,235
C:/Users/MRITH/Downloads/ANN_CA_3/Number-Plate-Recognition/images/Cars244.png,20,87,360,155
C:/Users/MRITH/Downloads/ANN_CA_3/Number-Plate-Recognition/images/Cars245.png,91,110,164,138
C:/Users/MRITH/Downloads/ANN_CA_3/Number-Plate-Recognition/images/Cars246.png,49,163,112,193
C:/Users/MRITH/Downloads/ANN_CA_3/Number-Plate-Recognition/images/Cars247.png,147,11,300,149
C:/Users/MRITH/Downloads/ANN_CA_3/Number-Plate-Recognition/images/Cars248.png,184,143,311,191
C:/Users/MRITH/Downloads/ANN_CA_3/Number-Plate-Recognition/images/Cars249.png,118,91,149,99
C:/Users/MRITH/Downloads/ANN_CA_3/Number-Plate-Recognition/images/Cars250.png,132,123,261,160
C:/Users/MRITH/Downloads/ANN_CA_3/Number-Plate-Recognition/images/Cars251.png,136,134,210,153
C:/Users/MRITH/Downloads/ANN_CA_3/Number-Plate-Recognition/images/Cars252.png,174,237,314,274
C:/Users/MRITH/Downloads/ANN_CA_3/Number-Plate-Recognition/images/Cars253.png,25,124,64,137
C:/Users/MRITH/Downloads/ANN_CA_3/Number-Plate-Recognition/images/Cars254.png,166,175,235,207
C:/Users/MRITH/Downloads/ANN_CA_3/Number-Plate-Recognition/images/Cars255.png,116,156,273,188
C:/Users/MRITH/Downloads/ANN_CA_3/Number-Plate-Recognition/images/Cars256.png,286,175,400,212
C:/Users/MRITH/Downloads/ANN_CA_3/Number-Plate-Recognition/images/Cars257.png,167,132,241,166
C:/Users/MRITH/Downloads/ANN_CA_3/Number-Plate-Recognition/images/Cars258.png,158,184,230,232
C:/Users/MRITH/Downloads/ANN_CA_3/Number-Plate-Recognition/images/Cars259.png,324,166,475,205
C:/Users/MRITH/Downloads/ANN_CA_3/Number-Plate-Recognition/images/Cars260.png,170,112,232,129
C:/Users/MRITH/Downloads/ANN_CA_3/Number-Plate-Recognition/images/Cars261.png,1,74,464,154
C:/Users/MRITH/Downloads/ANN_CA_3/Number-Plate-Recognition/images/Cars262.png,243,184,285,205
C:/Users/MRITH/Downloads/ANN_CA_3/Number-Plate-Recognition/images/Cars263.png,129,260,232,290
C:/Users/MRITH/Downloads/ANN_CA_3/Number-Plate-Recognition/images/Cars264.png,222,300,295,337
C:/Users/MRITH/Downloads/ANN_CA_3/Number-Plate-Recognition/images/Cars265.png,87,166,216,212
C:/Users/MRITH/Downloads/ANN_CA_3/Number-Plate-Recognition/images/Cars266.png,11,57,88,76
C:/Users/MRITH/Downloads/ANN_CA_3/Number-Plate-Recognition/images/Cars267.png,274,118,343,138
C:/Users/MRITH/Downloads/ANN_CA_3/Number-Plate-Recognition/images/Cars268.png,213,133,271,168
C:/Users/MRITH/Downloads/ANN_CA_3/Number-Plate-Recognition/images/Cars269.png,110,199,147,217
C:/Users/MRITH/Downloads/ANN_CA_3/Number-Plate-Recognition/images/Cars270.png,75,173,125,195
C:/Users/MRITH/Downloads/ANN_CA_3/Number-Plate-Recognition/images/Cars271.png,262,141,318,160
C:/Users/MRITH/Downloads/ANN_CA_3/Number-Plate-Recognition/images/Cars272.png,170,81,316,121
C:/Users/MRITH/Downloads/ANN_CA_3/Number-Plate-Recognition/images/Cars273.png,74,132,264,173
C:/Users/MRITH/Downloads/ANN_CA_3/Number-Plate-Recognition/images/Cars274.png,196,149,253,169
C:/Users/MRITH/Downloads/ANN_CA_3/Number-Plate-Recognition/images/Cars275.png,99,150,162,167
C:/Users/MRITH/Downloads/ANN_CA_3/Number-Plate-Recognition/images/Cars276.png,115,116,276,156
C:/Users/MRITH/Downloads/ANN_CA_3/Number-Plate-Recognition/images/Cars277.png,48,218,72,225
C:/Users/MRITH/Downloads/ANN_CA_3/Number-Plate-Recognition/images/Cars278.png,278,138,315,163
C:/Users/MRITH/Downloads/ANN_CA_3/Number-Plate-Recognition/images/Cars279.png,42,131,202,243
C:/Users/MRITH/Downloads/ANN_CA_3/Number-Plate-Recognition/images/Cars280.png,191,185,213,195
C:/Users/MRITH/Downloads/ANN_CA_3/Number-Plate-Recognition/images/Cars281.png,151,169,243,183
C:/Users/MRITH/Downloads/ANN_CA_3/Number-Plate-Recognition/images/Cars282.png,37,145,319,203
C:/Users/MRITH/Downloads/ANN_CA_3/Number-Plate-Recognition/images/Cars283.png,51,189,79,201
C:/Users/MRITH/Downloads/ANN_CA_3/Number-Plate-Recognition/images/Cars284.png,70,199,260,271
C:/Users/MRITH/Downloads/ANN_CA_3/Number-Plate-Recognition/images/Cars285.png,91,111,163,134
C:/Users/MRITH/Downloads/ANN_CA_3/Number-Plate-Recognition/images/Cars286.png,201,191,288,230
C:/Users/MRITH/Downloads/ANN_CA_3/Number-Plate-Recognition/images/Cars287.png,148,180,262,213
C:/Users/MRITH/Downloads/ANN_CA_3/Number-Plate-Recognition/images/Cars288.png,97,148,164,169
C:/Users/MRITH/Downloads/ANN_CA_3/Number-Plate-Recognition/images/Cars289.png,163,140,271,173
C:/Users/MRITH/Downloads/ANN_CA_3/Number-Plate-Recognition/images/Cars290.png,224,84,271,118
C:/Users/MRITH/Downloads/ANN_CA_3/Number-Plate-Recognition/images/Cars291.png,71,205,215,246
C:/Users/MRITH/Downloads/ANN_CA_3/Number-Plate-Recognition/images/Cars292.png,91,187,137,208
C:/Users/MRITH/Downloads/ANN_CA_3/Number-Plate-Recognition/images/Cars293.png,64,160,130,181
C:/Users/MRITH/Downloads/ANN_CA_3/Number-Plate-Recognition/images/Cars294.png,142,117,218,135
C:/Users/MRITH/Downloads/ANN_CA_3/Number-Plate-Recognition/images/Cars295.png,52,170,73,182
C:/Users/MRITH/Downloads/ANN_CA_3/Number-Plate-Recognition/images/Cars296.png,163,158,234,196
C:/Users/MRITH/Downloads/ANN_CA_3/Number-Plate-Recognition/images/Cars297.png,158,149,247,170
C:/Users/MRITH/Downloads/ANN_CA_3/Number-Plate-Recognition/images/Cars298.png,166,148,233,184
C:/Users/MRITH/Downloads/ANN_CA_3/Number-Plate-Recognition/images/Cars299.png,101,136,270,176
C:/Users/MRITH/Downloads/ANN_CA_3/Number-Plate-Recognition/images/Cars300.png,259,185,317,215
C:/Users/MRITH/Downloads/ANN_CA_3/Number-Plate-Recognition/images/Cars301.png,205,107,303,135
C:/Users/MRITH/Downloads/ANN_CA_3/Number-Plate-Recognition/images/Cars302.png,222,98,425,149
C:/Users/MRITH/Downloads/ANN_CA_3/Number-Plate-Recognition/images/Cars303.png,150,211,247,237
C:/Users/MRITH/Downloads/ANN_CA_3/Number-Plate-Recognition/images/Cars304.png,143,114,222,156
C:/Users/MRITH/Downloads/ANN_CA_3/Number-Plate-Recognition/images/Cars305.png,361,167,434,183
C:/Users/MRITH/Downloads/ANN_CA_3/Number-Plate-Recognition/images/Cars306.png,139,282,249,310
C:/Users/MRITH/Downloads/ANN_CA_3/Number-Plate-Recognition/images/Cars307.png,172,163,437,220
C:/Users/MRITH/Downloads/ANN_CA_3/Number-Plate-Recognition/images/Cars308.png,159,221,237,241
C:/Users/MRITH/Downloads/ANN_CA_3/Number-Plate-Recognition/images/Cars309.png,152,122,252,207
C:/Users/MRITH/Downloads/ANN_CA_3/Number-Plate-Recognition/images/Cars310.png,241,369,348,417
C:/Users/MRITH/Downloads/ANN_CA_3/Number-Plate-Recognition/images/Cars311.png,295,166,355,185
C:/Users/MRITH/Downloads/ANN_CA_3/Number-Plate-Recognition/images/Cars312.png,111,66,518,246
C:/Users/MRITH/Downloads/ANN_CA_3/Number-Plate-Recognition/images/Cars313.png,176,211,252,246
C:/Users/MRITH/Downloads/ANN_CA_3/Number-Plate-Recognition/images/Cars314.png,195,149,274,209
C:/Users/MRITH/Downloads/ANN_CA_3/Number-Plate-Recognition/images/Cars315.png,12,98,385,181
C:/Users/MRITH/Downloads/ANN_CA_3/Number-Plate-Recognition/images/Cars316.png,377,405,476,439
C:/Users/MRITH/Downloads/ANN_CA_3/Number-Plate-Recognition/images/Cars317.png,164,202,240,220
C:/Users/MRITH/Downloads/ANN_CA_3/Number-Plate-Recognition/images/Cars318.png,119,117,263,160
C:/Users/MRITH/Downloads/ANN_CA_3/Number-Plate-Recognition/images/Cars319.png,167,228,232,259
C:/Users/MRITH/Downloads/ANN_CA_3/Number-Plate-Recognition/images/Cars320.png,99,225,257,266
C:/Users/MRITH/Downloads/ANN_CA_3/Number-Plate-Recognition/images/Cars321.png,134,235,169,246
C:/Users/MRITH/Downloads/ANN_CA_3/Number-Plate-Recognition/images/Cars322.png,274,257,350,297
C:/Users/MRITH/Downloads/ANN_CA_3/Number-Plate-Recognition/images/Cars323.png,123,28,279,65
C:/Users/MRITH/Downloads/ANN_CA_3/Number-Plate-Recognition/images/Cars324.png,151,138,255,159
C:/Users/MRITH/Downloads/ANN_CA_3/Number-Plate-Recognition/images/Cars325.png,230,180,262,196
C:/Users/MRITH/Downloads/ANN_CA_3/Number-Plate-Recognition/images/Cars326.png,141,198,252,230
C:/Users/MRITH/Downloads/ANN_CA_3/Number-Plate-Recognition/images/Cars327.png,138,126,262,155
C:/Users/MRITH/Downloads/ANN_CA_3/Number-Plate-Recognition/images/Cars328.png,156,149,248,170
C:/Users/MRITH/Downloads/ANN_CA_3/Number-Plate-Recognition/images/Cars329.png,166,142,224,176
C:/Users/MRITH/Downloads/ANN_CA_3/Number-Plate-Recognition/images/Cars330.png,29,192,57,203
C:/Users/MRITH/Downloads/ANN_CA_3/Number-Plate-Recognition/images/Cars331.png,164,220,235,240
C:/Users/MRITH/Downloads/ANN_CA_3/Number-Plate-Recognition/images/Cars332.png,143,126,260,159
C:/Users/MRITH/Downloads/ANN_CA_3/Number-Plate-Recognition/images/Cars333.png,117,157,270,191
C:/Users/MRITH/Downloads/ANN_CA_3/Number-Plate-Recognition/images/Cars334.png,155,146,211,162
C:/Users/MRITH/Downloads/ANN_CA_3/Number-Plate-Recognition/images/Cars335.png,156,163,221,198
C:/Users/MRITH/Downloads/ANN_CA_3/Number-Plate-Recognition/images/Cars336.png,122,195,265,234
C:/Users/MRITH/Downloads/ANN_CA_3/Number-Plate-Recognition/images/Cars337.png,119,131,136,154
C:/Users/MRITH/Downloads/ANN_CA_3/Number-Plate-Recognition/images/Cars338.png,297,193,316,205
C:/Users/MRITH/Downloads/ANN_CA_3/Number-Plate-Recognition/images/Cars339.png,209,135,283,169
C:/Users/MRITH/Downloads/ANN_CA_3/Number-Plate-Recognition/images/Cars340.png,270,126,321,143
C:/Users/MRITH/Downloads/ANN_CA_3/Number-Plate-Recognition/images/Cars341.png,47,161,115,192
C:/Users/MRITH/Downloads/ANN_CA_3/Number-Plate-Recognition/images/Cars342.png,196,148,253,169
C:/Users/MRITH/Downloads/ANN_CA_3/Number-Plate-Recognition/images/Cars343.png,110,186,162,209
C:/Users/MRITH/Downloads/ANN_CA_3/Number-Plate-Recognition/images/Cars344.png,240,158,379,217
C:/Users/MRITH/Downloads/ANN_CA_3/Number-Plate-Recognition/images/Cars345.png,173,143,247,182
C:/Users/MRITH/Downloads/ANN_CA_3/Number-Plate-Recognition/images/Cars346.png,91,185,197,217
C:/Users/MRITH/Downloads/ANN_CA_3/Number-Plate-Recognition/images/Cars347.png,227,124,252,135
C:/Users/MRITH/Downloads/ANN_CA_3/Number-Plate-Recognition/images/Cars348.png,156,121,250,204
C:/Users/MRITH/Downloads/ANN_CA_3/Number-Plate-Recognition/images/Cars349.png,38,225,146,249
C:/Users/MRITH/Downloads/ANN_CA_3/Number-Plate-Recognition/images/Cars350.png,162,179,211,188
C:/Users/MRITH/Downloads/ANN_CA_3/Number-Plate-Recognition/images/Cars351.png,249,48,368,129
C:/Users/MRITH/Downloads/ANN_CA_3/Number-Plate-Recognition/images/Cars352.png,201,185,217,195
C:/Users/MRITH/Downloads/ANN_CA_3/Number-Plate-Recognition/images/Cars353.png,93,189,201,221
C:/Users/MRITH/Downloads/ANN_CA_3/Number-Plate-Recognition/images/Cars354.png,65,202,102,222
C:/Users/MRITH/Downloads/ANN_CA_3/Number-Plate-Recognition/images/Cars355.png,164,154,239,190
C:/Users/MRITH/Downloads/ANN_CA_3/Number-Plate-Recognition/images/Cars356.png,241,216,364,275
C:/Users/MRITH/Downloads/ANN_CA_3/Number-Plate-Recognition/images/Cars357.png,92,187,137,207
C:/Users/MRITH/Downloads/ANN_CA_3/Number-Plate-Recognition/images/Cars358.png,44,94,107,107
C:/Users/MRITH/Downloads/ANN_CA_3/Number-Plate-Recognition/images/Cars359.png,228,228,266,240
C:/Users/MRITH/Downloads/ANN_CA_3/Number-Plate-Recognition/images/Cars360.png,52,167,94,200
C:/Users/MRITH/Downloads/ANN_CA_3/Number-Plate-Recognition/images/Cars361.png,148,113,305,178
C:/Users/MRITH/Downloads/ANN_CA_3/Number-Plate-Recognition/images/Cars362.png,139,172,162,179
C:/Users/MRITH/Downloads/ANN_CA_3/Number-Plate-Recognition/images/Cars363.png,153,169,254,204
C:/Users/MRITH/Downloads/ANN_CA_3/Number-Plate-Recognition/images/Cars364.png,61,140,115,167
C:/Users/MRITH/Downloads/ANN_CA_3/Number-Plate-Recognition/images/Cars365.png,293,205,373,226
C:/Users/MRITH/Downloads/ANN_CA_3/Number-Plate-Recognition/images/Cars366.png,144,112,316,160
C:/Users/MRITH/Downloads/ANN_CA_3/Number-Plate-Recognition/images/Cars367.png,224,161,382,222
C:/Users/MRITH/Downloads/ANN_CA_3/Number-Plate-Recognition/images/Cars368.png,173,173,223,203
C:/Users/MRITH/Downloads/ANN_CA_3/Number-Plate-Recognition/images/Cars369.png,176,253,325,280
C:/Users/MRITH/Downloads/ANN_CA_3/Number-Plate-Recognition/images/Cars370.png,285,249,425,276
C:/Users/MRITH/Downloads/ANN_CA_3/Number-Plate-Recognition/images/Cars371.png,313,135,371,150
C:/Users/MRITH/Downloads/ANN_CA_3/Number-Plate-Recognition/images/Cars372.png,221,275,353,309
C:/Users/MRITH/Downloads/ANN_CA_3/Number-Plate-Recognition/images/Cars373.png,161,132,264,157
C:/Users/MRITH/Downloads/ANN_CA_3/Number-Plate-Recognition/images/Cars374.png,354,118,441,142
C:/Users/MRITH/Downloads/ANN_CA_3/Number-Plate-Recognition/images/Cars375.png,144,114,300,145
C:/Users/MRITH/Downloads/ANN_CA_3/Number-Plate-Recognition/images/Cars376.png,159,178,252,203
C:/Users/MRITH/Downloads/ANN_CA_3/Number-Plate-Recognition/images/Cars377.png,177,138,216,161
C:/Users/MRITH/Downloads/ANN_CA_3/Number-Plate-Recognition/images/Cars378.png,118,92,254,137
C:/Users/MRITH/Downloads/ANN_CA_3/Number-Plate-Recognition/images/Cars379.png,197,197,351,245
C:/Users/MRITH/Downloads/ANN_CA_3/Number-Plate-Recognition/images/Cars380.png,316,91,364,126
C:/Users/MRITH/Downloads/ANN_CA_3/Number-Plate-Recognition/images/Cars381.png,65,131,147,155
C:/Users/MRITH/Downloads/ANN_CA_3/Number-Plate-Recognition/images/Cars382.png,149,206,285,240
C:/Users/MRITH/Downloads/ANN_CA_3/Number-Plate-Recognition/images/Cars383.png,54,216,88,228
C:/Users/MRITH/Downloads/ANN_CA_3/Number-Plate-Recognition/images/Cars384.png,219,194,271,230
C:/Users/MRITH/Downloads/ANN_CA_3/Number-Plate-Recognition/images/Cars385.png,69,75,310,191
C:/Users/MRITH/Downloads/ANN_CA_3/Number-Plate-Recognition/images/Cars386.png,83,307,221,368
C:/Users/MRITH/Downloads/ANN_CA_3/Number-Plate-Recognition/images/Cars387.png,163,187,256,225
C:/Users/MRITH/Downloads/ANN_CA_3/Number-Plate-Recognition/images/Cars388.png,149,130,255,158
C:/Users/MRITH/Downloads/ANN_CA_3/Number-Plate-Recognition/images/Cars389.png,77,305,222,370
C:/Users/MRITH/Downloads/ANN_CA_3/Number-Plate-Recognition/images/Cars390.png,360,118,397,136
C:/Users/MRITH/Downloads/ANN_CA_3/Number-Plate-Recognition/images/Cars391.png,270,163,320,190
C:/Users/MRITH/Downloads/ANN_CA_3/Number-Plate-Recognition/images/Cars392.png,144,150,260,209
C:/Users/MRITH/Downloads/ANN_CA_3/Number-Plate-Recognition/images/Cars393.png,94,171,211,208
C:/Users/MRITH/Downloads/ANN_CA_3/Number-Plate-Recognition/images/Cars394.png,291,167,410,190
C:/Users/MRITH/Downloads/ANN_CA_3/Number-Plate-Recognition/images/Cars395.png,241,182,288,205
C:/Users/MRITH/Downloads/ANN_CA_3/Number-Plate-Recognition/images/Cars396.png,181,264,269,289
C:/Users/MRITH/Downloads/ANN_CA_3/Number-Plate-Recognition/images/Cars397.png,144,169,216,212
C:/Users/MRITH/Downloads/ANN_CA_3/Number-Plate-Recognition/images/Cars398.png,72,139,196,222
C:/Users/MRITH/Downloads/ANN_CA_3/Number-Plate-Recognition/images/Cars399.png,106,62,309,161
C:/Users/MRITH/Downloads/ANN_CA_3/Number-Plate-Recognition/images/Cars400.png,303,191,340,217
C:/Users/MRITH/Downloads/ANN_CA_3/Number-Plate-Recognition/images/Cars401.png,158,223,238,240
C:/Users/MRITH/Downloads/ANN_CA_3/Number-Plate-Recognition/images/Cars402.png,360,165,438,181
C:/Users/MRITH/Downloads/ANN_CA_3/Number-Plate-Recognition/images/Cars403.png,296,189,332,209
C:/Users/MRITH/Downloads/ANN_CA_3/Number-Plate-Recognition/images/Cars404.png,162,208,235,244
C:/Users/MRITH/Downloads/ANN_CA_3/Number-Plate-Recognition/images/Cars405.png,241,207,299,232
C:/Users/MRITH/Downloads/ANN_CA_3/Number-Plate-Recognition/images/Cars406.png,285,185,374,226
C:/Users/MRITH/Downloads/ANN_CA_3/Number-Plate-Recognition/images/Cars407.png,311,183,346,202
C:/Users/MRITH/Downloads/ANN_CA_3/Number-Plate-Recognition/images/Cars408.png,160,217,187,228
C:/Users/MRITH/Downloads/ANN_CA_3/Number-Plate-Recognition/images/Cars409.png,116,146,203,168
C:/Users/MRITH/Downloads/ANN_CA_3/Number-Plate-Recognition/images/Cars410.png,51,150,219,212
C:/Users/MRITH/Downloads/ANN_CA_3/Number-Plate-Recognition/images/Cars411.png,160,153,249,197
C:/Users/MRITH/Downloads/ANN_CA_3/Number-Plate-Recognition/images/Cars412.png,221,172,362,202
C:/Users/MRITH/Downloads/ANN_CA_3/Number-Plate-Recognition/images/Cars413.png,237,143,271,162
C:/Users/MRITH/Downloads/ANN_CA_3/Number-Plate-Recognition/images/Cars414.png,269,206,309,228
C:/Users/MRITH/Downloads/ANN_CA_3/Number-Plate-Recognition/images/Cars415.png,133,157,261,192
C:/Users/MRITH/Downloads/ANN_CA_3/Number-Plate-Recognition/images/Cars416.png,150,207,234,221
C:/Users/MRITH/Downloads/ANN_CA_3/Number-Plate-Recognition/images/Cars417.png,90,145,273,196
C:/Users/MRITH/Downloads/ANN_CA_3/Number-Plate-Recognition/images/Cars418.png,99,70,303,155
C:/Users/MRITH/Downloads/ANN_CA_3/Number-Plate-Recognition/images/Cars419.png,195,196,349,242
C:/Users/MRITH/Downloads/ANN_CA_3/Number-Plate-Recognition/images/Cars420.png,112,186,160,211
C:/Users/MRITH/Downloads/ANN_CA_3/Number-Plate-Recognition/images/Cars421.png,95,162,127,183
C:/Users/MRITH/Downloads/ANN_CA_3/Number-Plate-Recognition/images/Cars422.png,159,126,296,182
C:/Users/MRITH/Downloads/ANN_CA_3/Number-Plate-Recognition/images/Cars423.png,162,159,283,183
C:/Users/MRITH/Downloads/ANN_CA_3/Number-Plate-Recognition/images/Cars424.png,128,173,461,242
C:/Users/MRITH/Downloads/ANN_CA_3/Number-Plate-Recognition/images/Cars425.png,211,103,301,132
C:/Users/MRITH/Downloads/ANN_CA_3/Number-Plate-Recognition/images/Cars426.png,148,206,282,238
C:/Users/MRITH/Downloads/ANN_CA_3/Number-Plate-Recognition/images/Cars427.png,236,193,375,228
C:/Users/MRITH/Downloads/ANN_CA_3/Number-Plate-Recognition/images/Cars428.png,142,128,258,157
C:/Users/MRITH/Downloads/ANN_CA_3/Number-Plate-Recognition/images/Cars429.png,86,166,208,195
C:/Users/MRITH/Downloads/ANN_CA_3/Number-Plate-Recognition/images/Cars430.png,38,159,116,197
C:/Users/MRITH/Downloads/ANN_CA_3/Number-Plate-Recognition/images/Cars431.png,55,82,343,147
C:/Users/MRITH/Downloads/ANN_CA_3/Number-Plate-Recognition/images/Cars432.png,95,258,196,284
C:/Users/MRITH/Downloads/ANN_CA_3/Number-Plate-Recognition/data_augment/transformed_image_without_bbox_1.png,85,90,167,123
C:/Users/MRITH/Downloads/ANN_CA_3/Number-Plate-Recognition/data_augment/transformed_image_without_bbox_2.png,146,132,172,143
C:/Users/MRITH/Downloads/ANN_CA_3/Number-Plate-Recognition/data_augment/transformed_image_without_bbox_3.png,90,145,167,178
C:/Users/MRITH/Downloads/ANN_CA_3/Number-Plate-Recognition/data_augment/transformed_image_without_bbox_4.png,57,53,230,207
C:/Users/MRITH/Downloads/ANN_CA_3/Number-Plate-Recognition/data_augment/transformed_image_without_bbox_5.png,133,189,151,211
C:/Users/MRITH/Downloads/ANN_CA_3/Number-Plate-Recognition/data_augment/transformed_image_without_bbox_6.png,65,77,198,163
C:/Users/MRITH/Downloads/ANN_CA_3/Number-Plate-Recognition/data_augment/transformed_image_without_bbox_7.png,108,127,137,149
C:/Users/MRITH/Downloads/ANN_CA_3/Number-Plate-Recognition/data_augment/transformed_image_without_bbox_8.png,100,114,151,147
C:/Users/MRITH/Downloads/ANN_CA_3/Number-Plate-Recognition/data_augment/transformed_image_without_bbox_9.png,94,172,157,189
C:/Users/MRITH/Downloads/ANN_CA_3/Number-Plate-Recognition/data_augment/transformed_image_without_bbox_10.png,89,87,193,250
C:/Users/MRITH/Downloads/ANN_CA_3/Number-Plate-Recognition/data_augment/transformed_image_without_bbox_11.png,57,45,148,108
C:/Users/MRITH/Downloads/ANN_CA_3/Number-Plate-Recognition/data_augment/transformed_image_without_bbox_12.png,52,31,167,125
C:/Users/MRITH/Downloads/ANN_CA_3/Number-Plate-Recognition/data_augment/transformed_image_without_bbox_13.png,117,90,152,116
C:/Users/MRITH/Downloads/ANN_CA_3/Number-Plate-Recognition/data_augment/transformed_image_without_bbox_14.png,69,46,195,142
C:/Users/MRITH/Downloads/ANN_CA_3/Number-Plate-Recognition/data_augment/transformed_image_without_bbox_15.png,17,92,57,116
C:/Users/MRITH/Downloads/ANN_CA_3/Number-Plate-Recognition/data_augment/transformed_image_without_bbox_16.png,63,232,83,251
C:/Users/MRITH/Downloads/ANN_CA_3/Number-Plate-Recognition/data_augment/transformed_image_without_bbox_17.png,31,180,60,196
C:/Users/MRITH/Downloads/ANN_CA_3/Number-Plate-Recognition/data_augment/transformed_image_without_bbox_18.png,59,191,107,213
C:/Users/MRITH/Downloads/ANN_CA_3/Number-Plate-Recognition/data_augment/transformed_image_without_bbox_19.png,94,208,141,247
C:/Users/MRITH/Downloads/ANN_CA_3/Number-Plate-Recognition/data_augment/transformed_image_without_bbox_20.png,11,96,30,114
C:/Users/MRITH/Downloads/ANN_CA_3/Number-Plate-Recognition/data_augment/transformed_image_without_bbox_21.png,122,140,163,163
C:/Users/MRITH/Downloads/ANN_CA_3/Number-Plate-Recognition/data_augment/transformed_image_without_bbox_22.png,89,156,123,166
C:/Users/MRITH/Downloads/ANN_CA_3/Number-Plate-Recognition/data_augment/transformed_image_without_bbox_23.png,119,75,164,108
C:/Users/MRITH/Downloads/ANN_CA_3/Number-Plate-Recognition/data_augment/transformed_image_without_bbox_24.png,102,67,149,83
C:/Users/MRITH/Downloads/ANN_CA_3/Number-Plate-Recognition/data_augment/transformed_image_without_bbox_25.png,118,73,147,100
C:/Users/MRITH/Downloads/ANN_CA_3/Number-Plate-Recognition/data_augment/transformed_image_without_bbox_26.png,98,217,149,256
C:/Users/MRITH/Downloads/ANN_CA_3/Number-Plate-Recognition/data_augment/transformed_image_without_bbox_27.png,80,131,152,189
C:/Users/MRITH/Downloads/ANN_CA_3/Number-Plate-Recognition/data_augment/transformed_image_without_bbox_28.png,0,220,25,231
C:/Users/MRITH/Downloads/ANN_CA_3/Number-Plate-Recognition/data_augment/transformed_image_without_bbox_29.png,120,77,164,109
C:/Users/MRITH/Downloads/ANN_CA_3/Number-Plate-Recognition/data_augment/transformed_image_without_bbox_30.png,125,180,154,195
C:/Users/MRITH/Downloads/ANN_CA_3/Number-Plate-Recognition/data_augment/transformed_image_without_bbox_31.png,0,175,70,218
C:/Users/MRITH/Downloads/ANN_CA_3/Number-Plate-Recognition/data_augment/transformed_image_without_bbox_32.png,128,113,160,128
C:/Users/MRITH/Downloads/ANN_CA_3/Number-Plate-Recognition/data_augment/transformed_image_without_bbox_33.png,60,63,195,192
C:/Users/MRITH/Downloads/ANN_CA_3/Number-Plate-Recognition/data_augment/transformed_image_without_bbox_34.png,89,139,161,158
C:/Users/MRITH/Downloads/ANN_CA_3/Number-Plate-Recognition/data_augment/transformed_image_without_bbox_35.png,182,72,216,102
C:/Users/MRITH/Downloads/ANN_CA_3/Number-Plate-Recognition/data_augment/transformed_image_without_bbox_36.png,94,121,142,161
C:/Users/MRITH/Downloads/ANN_CA_3/Number-Plate-Recognition/data_augment/transformed_image_without_bbox_37.png,98,108,162,155
C:/Users/MRITH/Downloads/ANN_CA_3/Number-Plate-Recognition/data_augment/transformed_image_without_bbox_38.png,105,97,157,136
C:/Users/MRITH/Downloads/ANN_CA_3/Number-Plate-Recognition/data_augment/transformed_image_without_bbox_39.png,144,74,209,102
C:/Users/MRITH/Downloads/ANN_CA_3/Number-Plate-Recognition/data_augment/transformed_image_without_bbox_40.png,53,211,88,240
C:/Users/MRITH/Downloads/ANN_CA_3/Number-Plate-Recognition/data_augment/transformed_image_without_bbox_41.png,118,122,163,146
C:/Users/MRITH/Downloads/ANN_CA_3/Number-Plate-Recognition/data_augment/transformed_image_without_bbox_42.png,108,157,137,182
C:/Users/MRITH/Downloads/ANN_CA_3/Number-Plate-Recognition/data_augment/transformed_image_without_bbox_43.png,82,105,178,152
C:/Users/MRITH/Downloads/ANN_CA_3/Number-Plate-Recognition/data_augment/transformed_image_without_bbox_44.png,15,71,256,248
C:/Users/MRITH/Downloads/ANN_CA_3/Number-Plate-Recognition/data_augment/transformed_image_without_bbox_45.png,73,106,135,187
C:/Users/MRITH/Downloads/ANN_CA_3/Number-Plate-Recognition/data_augment/transformed_image_without_bbox_46.png,126,98,238,178
C:/Users/MRITH/Downloads/ANN_CA_3/Number-Plate-Recognition/data_augment/transformed_image_without_bbox_47.png,225,118,252,133
C:/Users/MRITH/Downloads/ANN_CA_3/Number-Plate-Recognition/data_augment/transformed_image_without_bbox_48.png,55,124,181,183
C:/Users/MRITH/Downloads/ANN_CA_3/Number-Plate-Recognition/data_augment/transformed_image_without_bbox_49.png,63,179,95,203
C:/Users/MRITH/Downloads/ANN_CA_3/Number-Plate-Recognition/data_augment/transformed_image_without_bbox_50.png,28,40,205,191
C:/Users/MRITH/Downloads/ANN_CA_3/Number-Plate-Recognition/data_augment/transformed_image_without_bbox_51.png,168,135,203,155
C:/Users/MRITH/Downloads/ANN_CA_3/Number-Plate-Recognition/data_augment/transformed_image_without_bbox_52.png,46,76,111,101
C:/Users/MRITH/Downloads/ANN_CA_3/Number-Plate-Recognition/data_augment/transformed_image_without_bbox_53.png,97,161,172,192
C:/Users/MRITH/Downloads/ANN_CA_3/Number-Plate-Recognition/data_augment/transformed_image_without_bbox_54.png,108,45,191,117
C:/Users/MRITH/Downloads/ANN_CA_3/Number-Plate-Recognition/data_augment/transformed_image_without_bbox_55.png,91,77,134,109
C:/Users/MRITH/Downloads/ANN_CA_3/Number-Plate-Recognition/data_augment/transformed_image_without_bbox_56.png,33,54,201,155
C:/Users/MRITH/Downloads/ANN_CA_3/Number-Plate-Recognition/data_augment/transformed_image_without_bbox_57.png,160,171,190,206
C:/Users/MRITH/Downloads/ANN_CA_3/Number-Plate-Recognition/data_augment/transformed_image_without_bbox_58.png,90,167,148,196
C:/Users/MRITH/Downloads/ANN_CA_3/Number-Plate-Recognition/data_augment/transformed_image_without_bbox_59.png,29,62,64,86
C:/Users/MRITH/Downloads/ANN_CA_3/Number-Plate-Recognition/data_augment/transformed_image_without_bbox_60.png,25,113,233,180
C:/Users/MRITH/Downloads/ANN_CA_3/Number-Plate-Recognition/data_augment/transformed_image_without_bbox_61.png,42,34,151,148
C:/Users/MRITH/Downloads/ANN_CA_3/Number-Plate-Recognition/data_augment/transformed_image_without_bbox_62.png,100,120,156,162
C:/Users/MRITH/Downloads/ANN_CA_3/Number-Plate-Recognition/data_augment/transformed_image_without_bbox_63.png,197,193,221,217
C:/Users/MRITH/Downloads/ANN_CA_3/Number-Plate-Recognition/data_augment/transformed_image_without_bbox_64.png,71,21,205,98
C:/Users/MRITH/Downloads/ANN_CA_3/Number-Plate-Recognition/data_augment/transformed_image_without_bbox_65.png,100,114,155,163
C:/Users/MRITH/Downloads/ANN_CA_3/Number-Plate-Recognition/data_augment/transformed_image_without_bbox_66.png,104,140,155,184
C:/Users/MRITH/Downloads/ANN_CA_3/Number-Plate-Recognition/data_augment/transformed_image_without_bbox_67.png,104,207,168,230
C:/Users/MRITH/Downloads/ANN_CA_3/Number-Plate-Recognition/data_augment/transformed_image_without_bbox_68.png,120,135,156,163
C:/Users/MRITH/Downloads/ANN_CA_3/Number-Plate-Recognition/data_augment/transformed_image_without_bbox_69.png,161,65,197,97
C:/Users/MRITH/Downloads/ANN_CA_3/Number-Plate-Recognition/data_augment/transformed_image_without_bbox_70.png,114,105,136,125
C:/Users/MRITH/Downloads/ANN_CA_3/Number-Plate-Recognition/data_augment/transformed_image_without_bbox_71.png,147,68,168,83
C:/Users/MRITH/Downloads/ANN_CA_3/Number-Plate-Recognition/data_augment/transformed_image_without_bbox_72.png,99,140,163,160
C:/Users/MRITH/Downloads/ANN_CA_3/Number-Plate-Recognition/data_augment/transformed_image_without_bbox_73.png,34,148,152,243
C:/Users/MRITH/Downloads/ANN_CA_3/Number-Plate-Recognition/data_augment/transformed_image_without_bbox_74.png,73,110,177,146
C:/Users/MRITH/Downloads/ANN_CA_3/Number-Plate-Recognition/data_augment/transformed_image_without_bbox_75.png,99,51,107,58
C:/Users/MRITH/Downloads/ANN_CA_3/Number-Plate-Recognition/data_augment/transformed_image_without_bbox_76.png,5,90,252,174
C:/Users/MRITH/Downloads/ANN_CA_3/Number-Plate-Recognition/data_augment/transformed_image_without_bbox_77.png,150,122,206,161
C:/Users/MRITH/Downloads/ANN_CA_3/Number-Plate-Recognition/data_augment/transformed_image_without_bbox_78.png,99,49,165,79
C:/Users/MRITH/Downloads/ANN_CA_3/Number-Plate-Recognition/data_augment/transformed_image_without_bbox_79.png,113,170,165,205
C:/Users/MRITH/Downloads/ANN_CA_3/Number-Plate-Recognition/data_augment/transformed_image_without_bbox_80.png,60,128,178,161
C:/Users/MRITH/Downloads/ANN_CA_3/Number-Plate-Recognition/data_augment/transformed_image_without_bbox_81.png,185,77,206,100
C:/Users/MRITH/Downloads/ANN_CA_3/Number-Plate-Recognition/data_augment/transformed_image_without_bbox_82.png,91,100,134,130
C:/Users/MRITH/Downloads/ANN_CA_3/Number-Plate-Recognition/data_augment/transformed_image_without_bbox_83.png,112,60,146,88
C:/Users/MRITH/Downloads/ANN_CA_3/Number-Plate-Recognition/data_augment/transformed_image_without_bbox_84.png,96,64,144,88
C:/Users/MRITH/Downloads/ANN_CA_3/Number-Plate-Recognition/data_augment/transformed_image_without_bbox_85.png,41,37,81,58
C:/Users/MRITH/Downloads/ANN_CA_3/Number-Plate-Recognition/data_augment/transformed_image_without_bbox_86.png,145,136,195,157
C:/Users/MRITH/Downloads/ANN_CA_3/Number-Plate-Recognition/data_augment/transformed_image_without_bbox_87.png,1,180,28,194
C:/Users/MRITH/Downloads/ANN_CA_3/Number-Plate-Recognition/data_augment/transformed_image_without_bbox_88.png,107,105,158,135
C:/Users/MRITH/Downloads/ANN_CA_3/Number-Plate-Recognition/data_augment/transformed_image_without_bbox_89.png,216,67,244,89
C:/Users/MRITH/Downloads/ANN_CA_3/Number-Plate-Recognition/data_augment/transformed_image_without_bbox_90.png,191,64,206,81
C:/Users/MRITH/Downloads/ANN_CA_3/Number-Plate-Recognition/data_augment/transformed_image_without_bbox_91.png,168,174,200,195
C:/Users/MRITH/Downloads/ANN_CA_3/Number-Plate-Recognition/data_augment/transformed_image_without_bbox_92.png,119,118,167,173
C:/Users/MRITH/Downloads/ANN_CA_3/Number-Plate-Recognition/data_augment/transformed_image_without_bbox_93.png,222,121,234,131
C:/Users/MRITH/Downloads/ANN_CA_3/Number-Plate-Recognition/data_augment/transformed_image_without_bbox_94.png,88,164,138,200
C:/Users/MRITH/Downloads/ANN_CA_3/Number-Plate-Recognition/data_augment/transformed_image_without_bbox_95.png,82,87,137,139
C:/Users/MRITH/Downloads/ANN_CA_3/Number-Plate-Recognition/data_augment/transformed_image_without_bbox_96.png,84,85,170,131
C:/Users/MRITH/Downloads/ANN_CA_3/Number-Plate-Recognition/data_augment/transformed_image_without_bbox_97.png,56,76,195,174
C:/Users/MRITH/Downloads/ANN_CA_3/Number-Plate-Recognition/data_augment/transformed_image_without_bbox_98.png,58,90,170,130
C:/Users/MRITH/Downloads/ANN_CA_3/Number-Plate-Recognition/data_augment/transformed_image_without_bbox_99.png,47,117,178,154
C:/Users/MRITH/Downloads/ANN_CA_3/Number-Plate-Recognition/data_augment/transformed_image_without_bbox_100.png,114,126,143,151
C:/Users/MRITH/Downloads/ANN_CA_3/Number-Plate-Recognition/data_augment/transformed_image_without_bbox_101.png,102,68,149,83
C:/Users/MRITH/Downloads/ANN_CA_3/Number-Plate-Recognition/data_augment/transformed_image_without_bbox_102.png,51,126,244,205
C:/Users/MRITH/Downloads/ANN_CA_3/Number-Plate-Recognition/data_augment/transformed_image_without_bbox_103.png,161,153,174,163
C:/Users/MRITH/Downloads/ANN_CA_3/Number-Plate-Recognition/data_augment/transformed_image_without_bbox_104.png,99,182,124,193
C:/Users/MRITH/Downloads/ANN_CA_3/Number-Plate-Recognition/data_augment/transformed_image_without_bbox_105.png,98,85,133,99
C:/Users/MRITH/Downloads/ANN_CA_3/Number-Plate-Recognition/data_augment/transformed_image_without_bbox_106.png,88,81,113,95
C:/Users/MRITH/Downloads/ANN_CA_3/Number-Plate-Recognition/data_augment/transformed_image_without_bbox_107.png,86,100,179,148
C:/Users/MRITH/Downloads/ANN_CA_3/Number-Plate-Recognition/data_augment/transformed_image_without_bbox_108.png,91,65,160,89
C:/Users/MRITH/Downloads/ANN_CA_3/Number-Plate-Recognition/data_augment/transformed_image_without_bbox_109.png,71,104,179,153
C:/Users/MRITH/Downloads/ANN_CA_3/Number-Plate-Recognition/data_augment/transformed_image_without_bbox_110.png,183,127,209,152
C:/Users/MRITH/Downloads/ANN_CA_3/Number-Plate-Recognition/data_augment/transformed_image_without_bbox_111.png,133,108,207,165
C:/Users/MRITH/Downloads/ANN_CA_3/Number-Plate-Recognition/data_augment/transformed_image_without_bbox_112.png,86,106,213,183
C:/Users/MRITH/Downloads/ANN_CA_3/Number-Plate-Recognition/data_augment/transformed_image_without_bbox_113.png,90,88,202,173
C:/Users/MRITH/Downloads/ANN_CA_3/Number-Plate-Recognition/data_augment/transformed_image_without_bbox_114.png,0,2,256,229
C:/Users/MRITH/Downloads/ANN_CA_3/Number-Plate-Recognition/data_augment/transformed_image_without_bbox_115.png,151,43,198,63
C:/Users/MRITH/Downloads/ANN_CA_3/Number-Plate-Recognition/data_augment/transformed_image_without_bbox_116.png,84,58,162,94
C:/Users/MRITH/Downloads/ANN_CA_3/Number-Plate-Recognition/data_augment/transformed_image_without_bbox_117.png,200,66,229,81
C:/Users/MRITH/Downloads/ANN_CA_3/Number-Plate-Recognition/data_augment/transformed_image_without_bbox_118.png,80,107,169,152
C:/Users/MRITH/Downloads/ANN_CA_3/Number-Plate-Recognition/data_augment/transformed_image_without_bbox_119.png,125,140,148,159
C:/Users/MRITH/Downloads/ANN_CA_3/Number-Plate-Recognition/data_augment/transformed_image_without_bbox_120.png,119,57,181,98
C:/Users/MRITH/Downloads/ANN_CA_3/Number-Plate-Recognition/data_augment/transformed_image_without_bbox_121.png,27,81,40,92
C:/Users/MRITH/Downloads/ANN_CA_3/Number-Plate-Recognition/data_augment/transformed_image_without_bbox_122.png,124,111,162,130
C:/Users/MRITH/Downloads/ANN_CA_3/Number-Plate-Recognition/data_augment/transformed_image_without_bbox_123.png,130,45,183,83
C:/Users/MRITH/Downloads/ANN_CA_3/Number-Plate-Recognition/data_augment/transformed_image_without_bbox_124.png,44,3,55,14
C:/Users/MRITH/Downloads/ANN_CA_3/Number-Plate-Recognition/data_augment/transformed_image_without_bbox_125.png,28,192,76,253
C:/Users/MRITH/Downloads/ANN_CA_3/Number-Plate-Recognition/data_augment/transformed_image_without_bbox_126.png,54,64,199,190
C:/Users/MRITH/Downloads/ANN_CA_3/Number-Plate-Recognition/data_augment/transformed_image_without_bbox_127.png,230,82,245,96
C:/Users/MRITH/Downloads/ANN_CA_3/Number-Plate-Recognition/data_augment/transformed_image_without_bbox_128.png,60,59,184,182
C:/Users/MRITH/Downloads/ANN_CA_3/Number-Plate-Recognition/data_augment/transformed_image_without_bbox_129.png,108,78,154,121
C:/Users/MRITH/Downloads/ANN_CA_3/Number-Plate-Recognition/data_augment/transformed_image_without_bbox_130.png,141,128,196,171
C:/Users/MRITH/Downloads/ANN_CA_3/Number-Plate-Recognition/data_augment/transformed_image_without_bbox_131.png,9,46,254,231
C:/Users/MRITH/Downloads/ANN_CA_3/Number-Plate-Recognition/data_augment/transformed_image_without_bbox_132.png,14,30,35,39
C:/Users/MRITH/Downloads/ANN_CA_3/Number-Plate-Recognition/data_augment/transformed_image_without_bbox_133.png,102,105,161,145
C:/Users/MRITH/Downloads/ANN_CA_3/Number-Plate-Recognition/data_augment/transformed_image_without_bbox_134.png,48,89,85,111
C:/Users/MRITH/Downloads/ANN_CA_3/Number-Plate-Recognition/data_augment/transformed_image_without_bbox_135.png,188,31,233,71
C:/Users/MRITH/Downloads/ANN_CA_3/Number-Plate-Recognition/data_augment/transformed_image_without_bbox_136.png,104,99,156,114
C:/Users/MRITH/Downloads/ANN_CA_3/Number-Plate-Recognition/data_augment/transformed_image_without_bbox_137.png,113,72,130,82
C:/Users/MRITH/Downloads/ANN_CA_3/Number-Plate-Recognition/data_augment/transformed_image_without_bbox_138.png,97,119,162,157
C:/Users/MRITH/Downloads/ANN_CA_3/Number-Plate-Recognition/data_augment/transformed_image_without_bbox_139.png,31,129,47,142
C:/Users/MRITH/Downloads/ANN_CA_3/Number-Plate-Recognition/data_augment/transformed_image_without_bbox_140.png,144,0,233,39
C:/Users/MRITH/Downloads/ANN_CA_3/Number-Plate-Recognition/data_augment/transformed_image_without_bbox_141.png,170,162,196,180
C:/Users/MRITH/Downloads/ANN_CA_3/Number-Plate-Recognition/data_augment/transformed_image_without_bbox_142.png,81,160,142,186
C:/Users/MRITH/Downloads/ANN_CA_3/Number-Plate-Recognition/data_augment/transformed_image_without_bbox_143.png,59,57,83,68
C:/Users/MRITH/Downloads/ANN_CA_3/Number-Plate-Recognition/data_augment/transformed_image_without_bbox_144.png,78,87,177,159
C:/Users/MRITH/Downloads/ANN_CA_3/Number-Plate-Recognition/data_augment/transformed_image_without_bbox_145.png,47,0,139,39
C:/Users/MRITH/Downloads/ANN_CA_3/Number-Plate-Recognition/data_augment/transformed_image_without_bbox_146.png,96,222,114,236
C:/Users/MRITH/Downloads/ANN_CA_3/Number-Plate-Recognition/data_augment/transformed_image_without_bbox_147.png,38,112,140,162
C:/Users/MRITH/Downloads/ANN_CA_3/Number-Plate-Recognition/data_augment/transformed_image_without_bbox_148.png,86,76,139,103
C:/Users/MRITH/Downloads/ANN_CA_3/Number-Plate-Recognition/data_augment/transformed_image_without_bbox_149.png,135,71,156,90
C:/Users/MRITH/Downloads/ANN_CA_3/Number-Plate-Recognition/data_augment/transformed_image_without_bbox_150.png,61,147,155,212
C:/Users/MRITH/Downloads/ANN_CA_3/Number-Plate-Recognition/data_augment/transformed_image_without_bbox_151.png,38,52,87,104
C:/Users/MRITH/Downloads/ANN_CA_3/Number-Plate-Recognition/data_augment/transformed_image_without_bbox_152.png,146,13,205,35
C:/Users/MRITH/Downloads/ANN_CA_3/Number-Plate-Recognition/data_augment/transformed_image_without_bbox_153.png,74,88,171,152
C:/Users/MRITH/Downloads/ANN_CA_3/Number-Plate-Recognition/data_augment/transformed_image_without_bbox_154.png,75,100,208,135
C:/Users/MRITH/Downloads/ANN_CA_3/Number-Plate-Recognition/data_augment/transformed_image_without_bbox_155.png,96,73,129,86
C:/Users/MRITH/Downloads/ANN_CA_3/Number-Plate-Recognition/data_augment/transformed_image_without_bbox_156.png,109,94,189,151
C:/Users/MRITH/Downloads/ANN_CA_3/Number-Plate-Recognition/data_augment/transformed_image_without_bbox_157.png,211,145,234,171
C:/Users/MRITH/Downloads/ANN_CA_3/Number-Plate-Recognition/data_augment/transformed_image_without_bbox_158.png,62,76,189,155
C:/Users/MRITH/Downloads/ANN_CA_3/Number-Plate-Recognition/data_augment/transformed_image_without_bbox_159.png,83,79,157,129
C:/Users/MRITH/Downloads/ANN_CA_3/Number-Plate-Recognition/data_augment/transformed_image_without_bbox_160.png,109,104,150,141
C:/Users/MRITH/Downloads/ANN_CA_3/Number-Plate-Recognition/data_augment/transformed_image_without_bbox_161.png,133,31,183,63
C:/Users/MRITH/Downloads/ANN_CA_3/Number-Plate-Recognition/data_augment/transformed_image_without_bbox_162.png,133,82,164,119
C:/Users/MRITH/Downloads/ANN_CA_3/Number-Plate-Recognition/data_augment/transformed_image_without_bbox_163.png,95,123,158,150
C:/Users/MRITH/Downloads/ANN_CA_3/Number-Plate-Recognition/data_augment/transformed_image_without_bbox_164.png,102,137,152,174
C:/Users/MRITH/Downloads/ANN_CA_3/Number-Plate-Recognition/data_augment/transformed_image_without_bbox_165.png,69,144,113,184
C:/Users/MRITH/Downloads/ANN_CA_3/Number-Plate-Recognition/data_augment/transformed_image_without_bbox_166.png,88,74,135,96
C:/Users/MRITH/Downloads/ANN_CA_3/Number-Plate-Recognition/data_augment/transformed_image_without_bbox_167.png,90,73,167,93
C:/Users/MRITH/Downloads/ANN_CA_3/Number-Plate-Recognition/data_augment/transformed_image_without_bbox_168.png,51,92,92,133
C:/Users/MRITH/Downloads/ANN_CA_3/Number-Plate-Recognition/data_augment/transformed_image_without_bbox_169.png,66,95,145,154
C:/Users/MRITH/Downloads/ANN_CA_3/Number-Plate-Recognition/data_augment/transformed_image_without_bbox_170.png,85,147,108,175
C:/Users/MRITH/Downloads/ANN_CA_3/Number-Plate-Recognition/data_augment/transformed_image_without_bbox_171.png,103,91,139,117
C:/Users/MRITH/Downloads/ANN_CA_3/Number-Plate-Recognition/data_augment/transformed_image_without_bbox_172.png,96,111,168,129
C:/Users/MRITH/Downloads/ANN_CA_3/Number-Plate-Recognition/data_augment/transformed_image_without_bbox_173.png,101,62,172,132
C:/Users/MRITH/Downloads/ANN_CA_3/Number-Plate-Recognition/data_augment/transformed_image_without_bbox_174.png,75,192,92,206
C:/Users/MRITH/Downloads/ANN_CA_3/Number-Plate-Recognition/data_augment/transformed_image_without_bbox_175.png,41,49,128,140
C:/Users/MRITH/Downloads/ANN_CA_3/Number-Plate-Recognition/data_augment/transformed_image_without_bbox_176.png,42,43,226,210
C:/Users/MRITH/Downloads/ANN_CA_3/Number-Plate-Recognition/data_augment/transformed_image_without_bbox_177.png,95,178,174,207
C:/Users/MRITH/Downloads/ANN_CA_3/Number-Plate-Recognition/data_augment/transformed_image_without_bbox_178.png,114,19,156,51
C:/Users/MRITH/Downloads/ANN_CA_3/Number-Plate-Recognition/data_augment/transformed_image_without_bbox_179.png,27,114,77,163
C:/Users/MRITH/Downloads/ANN_CA_3/Number-Plate-Recognition/data_augment/transformed_image_without_bbox_180.png,54,87,168,179
C:/Users/MRITH/Downloads/ANN_CA_3/Number-Plate-Recognition/data_augment/transformed_image_without_bbox_181.png,78,119,145,132
C:/Users/MRITH/Downloads/ANN_CA_3/Number-Plate-Recognition/data_augment/transformed_image_without_bbox_182.png,100,156,152,183
C:/Users/MRITH/Downloads/ANN_CA_3/Number-Plate-Recognition/data_augment/transformed_image_without_bbox_183.png,154,100,213,124
C:/Users/MRITH/Downloads/ANN_CA_3/Number-Plate-Recognition/data_augment/transformed_image_without_bbox_184.png,109,72,142,91
C:/Users/MRITH/Downloads/ANN_CA_3/Number-Plate-Recognition/data_augment/transformed_image_without_bbox_185.png,71,60,166,120
C:/Users/MRITH/Downloads/ANN_CA_3/Number-Plate-Recognition/data_augment/transformed_image_without_bbox_186.png,133,61,183,104
C:/Users/MRITH/Downloads/ANN_CA_3/Number-Plate-Recognition/data_augment/transformed_image_without_bbox_187.png,70,54,199,149
C:/Users/MRITH/Downloads/ANN_CA_3/Number-Plate-Recognition/data_augment/transformed_image_without_bbox_188.png,27,117,36,123
C:/Users/MRITH/Downloads/ANN_CA_3/Number-Plate-Recognition/data_augment/transformed_image_without_bbox_189.png,7,212,88,252
C:/Users/MRITH/Downloads/ANN_CA_3/Number-Plate-Recognition/data_augment/transformed_image_without_bbox_190.png,99,179,160,200
C:/Users/MRITH/Downloads/ANN_CA_3/Number-Plate-Recognition/data_augment/transformed_image_without_bbox_191.png,128,196,194,225
C:/Users/MRITH/Downloads/ANN_CA_3/Number-Plate-Recognition/data_augment/transformed_image_without_bbox_192.png,88,60,170,86
C:/Users/MRITH/Downloads/ANN_CA_3/Number-Plate-Recognition/data_augment/transformed_image_without_bbox_193.png,197,52,222,73
C:/Users/MRITH/Downloads/ANN_CA_3/Number-Plate-Recognition/data_augment/transformed_image_without_bbox_194.png,159,64,192,83
C:/Users/MRITH/Downloads/ANN_CA_3/Number-Plate-Recognition/data_augment/transformed_image_without_bbox_195.png,25,172,59,188
C:/Users/MRITH/Downloads/ANN_CA_3/Number-Plate-Recognition/data_augment/transformed_image_without_bbox_196.png,67,126,83,138
C:/Users/MRITH/Downloads/ANN_CA_3/Number-Plate-Recognition/data_augment/transformed_image_without_bbox_197.png,94,125,155,149
C:/Users/MRITH/Downloads/ANN_CA_3/Number-Plate-Recognition/data_augment/transformed_image_without_bbox_198.png,96,66,158,83
C:/Users/MRITH/Downloads/ANN_CA_3/Number-Plate-Recognition/data_augment/transformed_image_without_bbox_199.png,27,68,202,196
C:/Users/MRITH/Downloads/ANN_CA_3/Number-Plate-Recognition/data_augment/transformed_image_without_bbox_200.png,60,30,124,59
C:/Users/MRITH/Downloads/ANN_CA_3/Number-Plate-Recognition/data_augment/transformed_image_without_bbox_201.png,93,125,159,152
C:/Users/MRITH/Downloads/ANN_CA_3/Number-Plate-Recognition/data_augment/transformed_image_without_bbox_202.png,168,75,212,102
C:/Users/MRITH/Downloads/ANN_CA_3/Number-Plate-Recognition/data_augment/transformed_image_without_bbox_203.png,74,97,173,148
C:/Users/MRITH/Downloads/ANN_CA_3/Number-Plate-Recognition/data_augment/transformed_image_without_bbox_204.png,98,98,142,127
C:/Users/MRITH/Downloads/ANN_CA_3/Number-Plate-Recognition/data_augment/transformed_image_without_bbox_205.png,114,120,161,155
C:/Users/MRITH/Downloads/ANN_CA_3/Number-Plate-Recognition/data_augment/transformed_image_without_bbox_206.png,161,93,208,127
C:/Users/MRITH/Downloads/ANN_CA_3/Number-Plate-Recognition/data_augment/transformed_image_without_bbox_207.png,151,140,226,193
C:/Users/MRITH/Downloads/ANN_CA_3/Number-Plate-Recognition/data_augment/transformed_image_without_bbox_208.png,107,117,165,161
C:/Users/MRITH/Downloads/ANN_CA_3/Number-Plate-Recognition/data_augment/transformed_image_without_bbox_209.png,229,146,247,158
C:/Users/MRITH/Downloads/ANN_CA_3/Number-Plate-Recognition/data_augment/transformed_image_without_bbox_210.png,45,83,224,193
C:/Users/MRITH/Downloads/ANN_CA_3/Number-Plate-Recognition/data_augment/transformed_image_without_bbox_211.png,17,52,247,200
C:/Users/MRITH/Downloads/ANN_CA_3/Number-Plate-Recognition/data_augment/transformed_image_without_bbox_212.png,70,80,188,120
C:/Users/MRITH/Downloads/ANN_CA_3/Number-Plate-Recognition/data_augment/transformed_image_without_bbox_213.png,98,131,157,171
C:/Users/MRITH/Downloads/ANN_CA_3/Number-Plate-Recognition/data_augment/transformed_image_without_bbox_214.png,119,127,135,141
C:/Users/MRITH/Downloads/ANN_CA_3/Number-Plate-Recognition/data_augment/transformed_image_without_bbox_215.png,58,116,103,136
C:/Users/MRITH/Downloads/ANN_CA_3/Number-Plate-Recognition/data_augment/transformed_image_without_bbox_216.png,109,80,153,120
C:/Users/MRITH/Downloads/ANN_CA_3/Number-Plate-Recognition/data_augment/transformed_image_without_bbox_217.png,49,14,107,67
C:/Users/MRITH/Downloads/ANN_CA_3/Number-Plate-Recognition/data_augment/transformed_image_without_bbox_218.png,239,165,256,187
C:/Users/MRITH/Downloads/ANN_CA_3/Number-Plate-Recognition/data_augment/transformed_image_without_bbox_219.png,58,121,201,158
C:/Users/MRITH/Downloads/ANN_CA_3/Number-Plate-Recognition/data_augment/transformed_image_without_bbox_220.png,135,80,165,93
C:/Users/MRITH/Downloads/ANN_CA_3/Number-Plate-Recognition/data_augment/transformed_image_without_bbox_221.png,65,138,80,153
C:/Users/MRITH/Downloads/ANN_CA_3/Number-Plate-Recognition/data_augment/transformed_image_without_bbox_222.png,117,174,154,190
C:/Users/MRITH/Downloads/ANN_CA_3/Number-Plate-Recognition/data_augment/transformed_image_without_bbox_223.png,82,147,107,159
C:/Users/MRITH/Downloads/ANN_CA_3/Number-Plate-Recognition/data_augment/transformed_image_without_bbox_224.png,96,60,129,78
C:/Users/MRITH/Downloads/ANN_CA_3/Number-Plate-Recognition/data_augment/transformed_image_without_bbox_225.png,92,109,175,146
C:/Users/MRITH/Downloads/ANN_CA_3/Number-Plate-Recognition/data_augment/transformed_image_without_bbox_226.png,52,51,96,69
C:/Users/MRITH/Downloads/ANN_CA_3/Number-Plate-Recognition/data_augment/transformed_image_without_bbox_227.png,180,71,205,90
C:/Users/MRITH/Downloads/ANN_CA_3/Number-Plate-Recognition/data_augment/transformed_image_without_bbox_228.png,183,165,200,185
C:/Users/MRITH/Downloads/ANN_CA_3/Number-Plate-Recognition/data_augment/transformed_image_without_bbox_229.png,161,185,181,201
C:/Users/MRITH/Downloads/ANN_CA_3/Number-Plate-Recognition/data_augment/transformed_image_without_bbox_230.png,96,126,156,147
C:/Users/MRITH/Downloads/ANN_CA_3/Number-Plate-Recognition/data_augment/transformed_image_without_bbox_231.png,30,106,78,145
C:/Users/MRITH/Downloads/ANN_CA_3/Number-Plate-Recognition/data_augment/transformed_image_without_bbox_232.png,107,147,142,172
C:/Users/MRITH/Downloads/ANN_CA_3/Number-Plate-Recognition/data_augment/transformed_image_without_bbox_233.png,120,93,165,132
C:/Users/MRITH/Downloads/ANN_CA_3/Number-Plate-Recognition/data_augment/transformed_image_without_bbox_234.png,105,161,162,189
C:/Users/MRITH/Downloads/ANN_CA_3/Number-Plate-Recognition/data_augment/transformed_image_without_bbox_235.png,72,58,137,109
C:/Users/MRITH/Downloads/ANN_CA_3/Number-Plate-Recognition/data_augment/transformed_image_without_bbox_236.png,142,82,160,101
C:/Users/MRITH/Downloads/ANN_CA_3/Number-Plate-Recognition/data_augment/transformed_image_without_bbox_237.png,128,118,167,135
C:/Users/MRITH/Downloads/ANN_CA_3/Number-Plate-Recognition/data_augment/transformed_image_without_bbox_238.png,87,119,138,174
C:/Users/MRITH/Downloads/ANN_CA_3/Number-Plate-Recognition/data_augment/transformed_image_without_bbox_239.png,90,74,166,93
C:/Users/MRITH/Downloads/ANN_CA_3/Number-Plate-Recognition/data_augment/transformed_image_without_bbox_240.png,109,105,148,124
C:/Users/MRITH/Downloads/ANN_CA_3/Number-Plate-Recognition/data_augment/transformed_image_without_bbox_241.png,75,123,166,205
C:/Users/MRITH/Downloads/ANN_CA_3/Number-Plate-Recognition/data_augment/transformed_image_without_bbox_242.png,78,108,112,127
C:/Users/MRITH/Downloads/ANN_CA_3/Number-Plate-Recognition/data_augment/transformed_image_without_bbox_243.png,55,106,203,172
C:/Users/MRITH/Downloads/ANN_CA_3/Number-Plate-Recognition/data_augment/transformed_image_without_bbox_244.png,1,82,225,215
C:/Users/MRITH/Downloads/ANN_CA_3/Number-Plate-Recognition/data_augment/transformed_image_without_bbox_245.png,61,81,114,123
C:/Users/MRITH/Downloads/ANN_CA_3/Number-Plate-Recognition/data_augment/transformed_image_without_bbox_246.png,184,156,224,185
C:/Users/MRITH/Downloads/ANN_CA_3/Number-Plate-Recognition/data_augment/transformed_image_without_bbox_247.png,64,86,161,243
C:/Users/MRITH/Downloads/ANN_CA_3/Number-Plate-Recognition/data_augment/transformed_image_without_bbox_248.png,56,93,138,133
C:/Users/MRITH/Downloads/ANN_CA_3/Number-Plate-Recognition/data_augment/transformed_image_without_bbox_249.png,67,106,88,121
C:/Users/MRITH/Downloads/ANN_CA_3/Number-Plate-Recognition/data_augment/transformed_image_without_bbox_250.png,91,111,181,176
C:/Users/MRITH/Downloads/ANN_CA_3/Number-Plate-Recognition/data_augment/transformed_image_without_bbox_251.png,86,81,134,104
C:/Users/MRITH/Downloads/ANN_CA_3/Number-Plate-Recognition/data_augment/transformed_image_without_bbox_252.png,95,159,166,184
C:/Users/MRITH/Downloads/ANN_CA_3/Number-Plate-Recognition/data_augment/transformed_image_without_bbox_253.png,215,151,240,167
C:/Users/MRITH/Downloads/ANN_CA_3/Number-Plate-Recognition/data_augment/transformed_image_without_bbox_254.png,106,122,150,144
C:/Users/MRITH/Downloads/ANN_CA_3/Number-Plate-Recognition/data_augment/transformed_image_without_bbox_255.png,84,60,189,123
C:/Users/MRITH/Downloads/ANN_CA_3/Number-Plate-Recognition/data_augment/transformed_image_without_bbox_256.png,0,180,72,220
C:/Users/MRITH/Downloads/ANN_CA_3/Number-Plate-Recognition/data_augment/transformed_image_without_bbox_257.png,106,112,154,141
C:/Users/MRITH/Downloads/ANN_CA_3/Number-Plate-Recognition/data_augment/transformed_image_without_bbox_258.png,101,177,147,223
C:/Users/MRITH/Downloads/ANN_CA_3/Number-Plate-Recognition/data_augment/transformed_image_without_bbox_259.png,138,100,202,130
C:/Users/MRITH/Downloads/ANN_CA_3/Number-Plate-Recognition/data_augment/transformed_image_without_bbox_260.png,108,119,148,137
C:/Users/MRITH/Downloads/ANN_CA_3/Number-Plate-Recognition/data_augment/transformed_image_without_bbox_261.png,0,52,247,109
C:/Users/MRITH/Downloads/ANN_CA_3/Number-Plate-Recognition/data_augment/transformed_image_without_bbox_262.png,154,80,181,98
C:/Users/MRITH/Downloads/ANN_CA_3/Number-Plate-Recognition/data_augment/transformed_image_without_bbox_263.png,82,1,148,28
C:/Users/MRITH/Downloads/ANN_CA_3/Number-Plate-Recognition/data_augment/transformed_image_without_bbox_264.png,67,40,113,64
C:/Users/MRITH/Downloads/ANN_CA_3/Number-Plate-Recognition/data_augment/transformed_image_without_bbox_265.png,55,7,138,61
C:/Users/MRITH/Downloads/ANN_CA_3/Number-Plate-Recognition/data_augment/transformed_image_without_bbox_266.png,0,143,49,174
C:/Users/MRITH/Downloads/ANN_CA_3/Number-Plate-Recognition/data_augment/transformed_image_without_bbox_267.png,149,155,197,195
C:/Users/MRITH/Downloads/ANN_CA_3/Number-Plate-Recognition/data_augment/transformed_image_without_bbox_268.png,181,64,231,104
C:/Users/MRITH/Downloads/ANN_CA_3/Number-Plate-Recognition/data_augment/transformed_image_without_bbox_269.png,70,169,93,185
C:/Users/MRITH/Downloads/ANN_CA_3/Number-Plate-Recognition/data_augment/transformed_image_without_bbox_270.png,173,32,206,58
C:/Users/MRITH/Downloads/ANN_CA_3/Number-Plate-Recognition/data_augment/transformed_image_without_bbox_271.png,167,102,203,121
C:/Users/MRITH/Downloads/ANN_CA_3/Number-Plate-Recognition/data_augment/transformed_image_without_bbox_272.png,111,120,178,165
C:/Users/MRITH/Downloads/ANN_CA_3/Number-Plate-Recognition/data_augment/transformed_image_without_bbox_273.png,141,96,223,126
C:/Users/MRITH/Downloads/ANN_CA_3/Number-Plate-Recognition/data_augment/transformed_image_without_bbox_274.png,125,111,161,128
C:/Users/MRITH/Downloads/ANN_CA_3/Number-Plate-Recognition/data_augment/transformed_image_without_bbox_275.png,63,178,103,198
C:/Users/MRITH/Downloads/ANN_CA_3/Number-Plate-Recognition/data_augment/transformed_image_without_bbox_276.png,79,111,182,149
C:/Users/MRITH/Downloads/ANN_CA_3/Number-Plate-Recognition/data_augment/transformed_image_without_bbox_277.png,224,163,240,173
C:/Users/MRITH/Downloads/ANN_CA_3/Number-Plate-Recognition/data_augment/transformed_image_without_bbox_278.png,177,175,201,207
C:/Users/MRITH/Downloads/ANN_CA_3/Number-Plate-Recognition/data_augment/transformed_image_without_bbox_279.png,25,111,139,219
C:/Users/MRITH/Downloads/ANN_CA_3/Number-Plate-Recognition/data_augment/transformed_image_without_bbox_280.png,140,170,157,185
C:/Users/MRITH/Downloads/ANN_CA_3/Number-Plate-Recognition/data_augment/transformed_image_without_bbox_281.png,89,63,149,85
C:/Users/MRITH/Downloads/ANN_CA_3/Number-Plate-Recognition/data_augment/transformed_image_without_bbox_282.png,27,141,233,197
C:/Users/MRITH/Downloads/ANN_CA_3/Number-Plate-Recognition/data_augment/transformed_image_without_bbox_283.png,205,236,223,251
C:/Users/MRITH/Downloads/ANN_CA_3/Number-Plate-Recognition/data_augment/transformed_image_without_bbox_284.png,47,101,177,138
C:/Users/MRITH/Downloads/ANN_CA_3/Number-Plate-Recognition/data_augment/transformed_image_without_bbox_285.png,58,130,107,159
C:/Users/MRITH/Downloads/ANN_CA_3/Number-Plate-Recognition/data_augment/transformed_image_without_bbox_286.png,111,93,163,136
C:/Users/MRITH/Downloads/ANN_CA_3/Number-Plate-Recognition/data_augment/transformed_image_without_bbox_287.png,75,80,152,137
C:/Users/MRITH/Downloads/ANN_CA_3/Number-Plate-Recognition/data_augment/transformed_image_without_bbox_288.png,155,57,199,85
C:/Users/MRITH/Downloads/ANN_CA_3/Number-Plate-Recognition/data_augment/transformed_image_without_bbox_289.png,104,111,173,139
C:/Users/MRITH/Downloads/ANN_CA_3/Number-Plate-Recognition/data_augment/transformed_image_without_bbox_290.png,92,147,132,189
C:/Users/MRITH/Downloads/ANN_CA_3/Number-Plate-Recognition/data_augment/transformed_image_without_bbox_291.png,168,68,247,133
C:/Users/MRITH/Downloads/ANN_CA_3/Number-Plate-Recognition/data_augment/transformed_image_without_bbox_292.png,168,56,197,76
C:/Users/MRITH/Downloads/ANN_CA_3/Number-Plate-Recognition/data_augment/transformed_image_without_bbox_293.png,172,82,215,102
C:/Users/MRITH/Downloads/ANN_CA_3/Number-Plate-Recognition/data_augment/transformed_image_without_bbox_294.png,111,100,163,133
C:/Users/MRITH/Downloads/ANN_CA_3/Number-Plate-Recognition/data_augment/transformed_image_without_bbox_295.png,209,170,222,182
C:/Users/MRITH/Downloads/ANN_CA_3/Number-Plate-Recognition/data_augment/transformed_image_without_bbox_296.png,106,98,151,128
C:/Users/MRITH/Downloads/ANN_CA_3/Number-Plate-Recognition/data_augment/transformed_image_without_bbox_297.png,118,61,179,108
C:/Users/MRITH/Downloads/ANN_CA_3/Number-Plate-Recognition/data_augment/transformed_image_without_bbox_298.png,106,80,149,114
C:/Users/MRITH/Downloads/ANN_CA_3/Number-Plate-Recognition/data_augment/transformed_image_without_bbox_299.png,83,116,191,150
C:/Users/MRITH/Downloads/ANN_CA_3/Number-Plate-Recognition/data_augment/transformed_image_without_bbox_300.png,165,210,202,244
C:/Users/MRITH/Downloads/ANN_CA_3/Number-Plate-Recognition/data_augment/transformed_image_without_bbox_301.png,104,118,155,148
C:/Users/MRITH/Downloads/ANN_CA_3/Number-Plate-Recognition/data_augment/transformed_image_without_bbox_302.png,38,107,142,163
C:/Users/MRITH/Downloads/ANN_CA_3/Number-Plate-Recognition/data_augment/transformed_image_without_bbox_303.png,79,170,144,207
C:/Users/MRITH/Downloads/ANN_CA_3/Number-Plate-Recognition/data_augment/transformed_image_without_bbox_304.png,91,129,142,176
C:/Users/MRITH/Downloads/ANN_CA_3/Number-Plate-Recognition/data_augment/transformed_image_without_bbox_305.png,16,61,60,84
C:/Users/MRITH/Downloads/ANN_CA_3/Number-Plate-Recognition/data_augment/transformed_image_without_bbox_306.png,96,57,167,75
C:/Users/MRITH/Downloads/ANN_CA_3/Number-Plate-Recognition/data_augment/transformed_image_without_bbox_307.png,72,97,189,179
C:/Users/MRITH/Downloads/ANN_CA_3/Number-Plate-Recognition/data_augment/transformed_image_without_bbox_308.png,104,50,154,67
C:/Users/MRITH/Downloads/ANN_CA_3/Number-Plate-Recognition/data_augment/transformed_image_without_bbox_309.png,97,138,161,235
C:/Users/MRITH/Downloads/ANN_CA_3/Number-Plate-Recognition/data_augment/transformed_image_without_bbox_310.png,88,52,137,84
C:/Users/MRITH/Downloads/ANN_CA_3/Number-Plate-Recognition/data_augment/transformed_image_without_bbox_311.png,195,125,237,154
C:/Users/MRITH/Downloads/ANN_CA_3/Number-Plate-Recognition/data_augment/transformed_image_without_bbox_312.png,48,76,224,207
C:/Users/MRITH/Downloads/ANN_CA_3/Number-Plate-Recognition/data_augment/transformed_image_without_bbox_313.png,113,159,169,204
C:/Users/MRITH/Downloads/ANN_CA_3/Number-Plate-Recognition/data_augment/transformed_image_without_bbox_314.png,56,1,120,83
C:/Users/MRITH/Downloads/ANN_CA_3/Number-Plate-Recognition/data_augment/transformed_image_without_bbox_315.png,7,101,246,172
C:/Users/MRITH/Downloads/ANN_CA_3/Number-Plate-Recognition/data_augment/transformed_image_without_bbox_316.png,160,6,203,25
C:/Users/MRITH/Downloads/ANN_CA_3/Number-Plate-Recognition/data_augment/transformed_image_without_bbox_317.png,104,68,153,83
C:/Users/MRITH/Downloads/ANN_CA_3/Number-Plate-Recognition/data_augment/transformed_image_without_bbox_318.png,85,131,179,183
C:/Users/MRITH/Downloads/ANN_CA_3/Number-Plate-Recognition/data_augment/transformed_image_without_bbox_319.png,106,62,148,85
C:/Users/MRITH/Downloads/ANN_CA_3/Number-Plate-Recognition/data_augment/transformed_image_without_bbox_320.png,80,119,188,140
C:/Users/MRITH/Downloads/ANN_CA_3/Number-Plate-Recognition/data_augment/transformed_image_without_bbox_321.png,112,150,142,157
C:/Users/MRITH/Downloads/ANN_CA_3/Number-Plate-Recognition/data_augment/transformed_image_without_bbox_322.png,175,41,224,70
C:/Users/MRITH/Downloads/ANN_CA_3/Number-Plate-Recognition/data_augment/transformed_image_without_bbox_323.png,77,182,177,224
C:/Users/MRITH/Downloads/ANN_CA_3/Number-Plate-Recognition/data_augment/transformed_image_without_bbox_324.png,96,75,163,98
C:/Users/MRITH/Downloads/ANN_CA_3/Number-Plate-Recognition/data_augment/transformed_image_without_bbox_325.png,50,52,77,77
C:/Users/MRITH/Downloads/ANN_CA_3/Number-Plate-Recognition/data_augment/transformed_image_without_bbox_326.png,90,59,161,87
C:/Users/MRITH/Downloads/ANN_CA_3/Number-Plate-Recognition/data_augment/transformed_image_without_bbox_327.png,88,96,167,125
C:/Users/MRITH/Downloads/ANN_CA_3/Number-Plate-Recognition/data_augment/transformed_image_without_bbox_328.png,74,146,137,193
C:/Users/MRITH/Downloads/ANN_CA_3/Number-Plate-Recognition/data_augment/transformed_image_without_bbox_329.png,106,79,143,113
C:/Users/MRITH/Downloads/ANN_CA_3/Number-Plate-Recognition/data_augment/transformed_image_without_bbox_330.png,219,82,237,92
C:/Users/MRITH/Downloads/ANN_CA_3/Number-Plate-Recognition/data_augment/transformed_image_without_bbox_331.png,149,113,183,132
C:/Users/MRITH/Downloads/ANN_CA_3/Number-Plate-Recognition/data_augment/transformed_image_without_bbox_332.png,91,142,167,181
C:/Users/MRITH/Downloads/ANN_CA_3/Number-Plate-Recognition/data_augment/transformed_image_without_bbox_333.png,83,72,181,105
C:/Users/MRITH/Downloads/ANN_CA_3/Number-Plate-Recognition/data_augment/transformed_image_without_bbox_334.png,103,182,140,205
C:/Users/MRITH/Downloads/ANN_CA_3/Number-Plate-Recognition/data_augment/transformed_image_without_bbox_335.png,100,104,141,126
C:/Users/MRITH/Downloads/ANN_CA_3/Number-Plate-Recognition/data_augment/transformed_image_without_bbox_336.png,56,46,154,108
C:/Users/MRITH/Downloads/ANN_CA_3/Number-Plate-Recognition/data_augment/transformed_image_without_bbox_337.png,168,111,179,131
C:/Users/MRITH/Downloads/ANN_CA_3/Number-Plate-Recognition/data_augment/transformed_image_without_bbox_338.png,53,59,65,70
C:/Users/MRITH/Downloads/ANN_CA_3/Number-Plate-Recognition/data_augment/transformed_image_without_bbox_339.png,107,106,153,148
C:/Users/MRITH/Downloads/ANN_CA_3/Number-Plate-Recognition/data_augment/transformed_image_without_bbox_340.png,172,72,205,94
C:/Users/MRITH/Downloads/ANN_CA_3/Number-Plate-Recognition/data_augment/transformed_image_without_bbox_341.png,188,104,240,151
C:/Users/MRITH/Downloads/ANN_CA_3/Number-Plate-Recognition/data_augment/transformed_image_without_bbox_342.png,121,103,161,130
C:/Users/MRITH/Downloads/ANN_CA_3/Number-Plate-Recognition/data_augment/transformed_image_without_bbox_343.png,158,146,194,172
C:/Users/MRITH/Downloads/ANN_CA_3/Number-Plate-Recognition/data_augment/transformed_image_without_bbox_344.png,136,135,215,185
C:/Users/MRITH/Downloads/ANN_CA_3/Number-Plate-Recognition/data_augment/transformed_image_without_bbox_345.png,97,100,145,133
C:/Users/MRITH/Downloads/ANN_CA_3/Number-Plate-Recognition/data_augment/transformed_image_without_bbox_346.png,129,30,197,63
C:/Users/MRITH/Downloads/ANN_CA_3/Number-Plate-Recognition/data_augment/transformed_image_without_bbox_347.png,94,91,110,104
C:/Users/MRITH/Downloads/ANN_CA_3/Number-Plate-Recognition/data_augment/transformed_image_without_bbox_348.png,99,19,182,126
C:/Users/MRITH/Downloads/ANN_CA_3/Number-Plate-Recognition/data_augment/transformed_image_without_bbox_349.png,24,17,93,40
C:/Users/MRITH/Downloads/ANN_CA_3/Number-Plate-Recognition/data_augment/transformed_image_without_bbox_350.png,103,170,135,179
C:/Users/MRITH/Downloads/ANN_CA_3/Number-Plate-Recognition/data_augment/transformed_image_without_bbox_351.png,129,122,234,235
C:/Users/MRITH/Downloads/ANN_CA_3/Number-Plate-Recognition/data_augment/transformed_image_without_bbox_352.png,166,101,181,112
C:/Users/MRITH/Downloads/ANN_CA_3/Number-Plate-Recognition/data_augment/transformed_image_without_bbox_353.png,127,196,196,229
C:/Users/MRITH/Downloads/ANN_CA_3/Number-Plate-Recognition/data_augment/transformed_image_without_bbox_354.png,31,182,57,204
C:/Users/MRITH/Downloads/ANN_CA_3/Number-Plate-Recognition/data_augment/transformed_image_without_bbox_355.png,104,73,152,107
C:/Users/MRITH/Downloads/ANN_CA_3/Number-Plate-Recognition/data_augment/transformed_image_without_bbox_356.png,112,64,169,105
C:/Users/MRITH/Downloads/ANN_CA_3/Number-Plate-Recognition/data_augment/transformed_image_without_bbox_357.png,169,176,199,197
C:/Users/MRITH/Downloads/ANN_CA_3/Number-Plate-Recognition/data_augment/transformed_image_without_bbox_358.png,187,119,227,135
C:/Users/MRITH/Downloads/ANN_CA_3/Number-Plate-Recognition/data_augment/transformed_image_without_bbox_359.png,110,30,136,49
C:/Users/MRITH/Downloads/ANN_CA_3/Number-Plate-Recognition/data_augment/transformed_image_without_bbox_360.png,142,0,183,41
C:/Users/MRITH/Downloads/ANN_CA_3/Number-Plate-Recognition/data_augment/transformed_image_without_bbox_361.png,87,85,202,176
C:/Users/MRITH/Downloads/ANN_CA_3/Number-Plate-Recognition/data_augment/transformed_image_without_bbox_362.png,152,146,167,152
C:/Users/MRITH/Downloads/ANN_CA_3/Number-Plate-Recognition/data_augment/transformed_image_without_bbox_363.png,93,58,158,92
C:/Users/MRITH/Downloads/ANN_CA_3/Number-Plate-Recognition/data_augment/transformed_image_without_bbox_364.png,26,110,70,151
C:/Users/MRITH/Downloads/ANN_CA_3/Number-Plate-Recognition/data_augment/transformed_image_without_bbox_365.png,96,110,130,124
C:/Users/MRITH/Downloads/ANN_CA_3/Number-Plate-Recognition/data_augment/transformed_image_without_bbox_366.png,72,85,176,169
C:/Users/MRITH/Downloads/ANN_CA_3/Number-Plate-Recognition/data_augment/transformed_image_without_bbox_367.png,127,137,217,190
C:/Users/MRITH/Downloads/ANN_CA_3/Number-Plate-Recognition/data_augment/transformed_image_without_bbox_368.png,119,80,156,113
C:/Users/MRITH/Downloads/ANN_CA_3/Number-Plate-Recognition/data_augment/transformed_image_without_bbox_369.png,74,147,152,188
C:/Users/MRITH/Downloads/ANN_CA_3/Number-Plate-Recognition/data_augment/transformed_image_without_bbox_370.png,167,219,250,243
C:/Users/MRITH/Downloads/ANN_CA_3/Number-Plate-Recognition/data_augment/transformed_image_without_bbox_371.png,193,188,231,212
C:/Users/MRITH/Downloads/ANN_CA_3/Number-Plate-Recognition/data_augment/transformed_image_without_bbox_372.png,101,67,161,88
C:/Users/MRITH/Downloads/ANN_CA_3/Number-Plate-Recognition/data_augment/transformed_image_without_bbox_373.png,87,77,152,105
C:/Users/MRITH/Downloads/ANN_CA_3/Number-Plate-Recognition/data_augment/transformed_image_without_bbox_374.png,177,120,222,145
C:/Users/MRITH/Downloads/ANN_CA_3/Number-Plate-Recognition/data_augment/transformed_image_without_bbox_375.png,92,132,192,158
C:/Users/MRITH/Downloads/ANN_CA_3/Number-Plate-Recognition/data_augment/transformed_image_without_bbox_376.png,101,171,161,196
C:/Users/MRITH/Downloads/ANN_CA_3/Number-Plate-Recognition/data_augment/transformed_image_without_bbox_377.png,130,148,164,182
C:/Users/MRITH/Downloads/ANN_CA_3/Number-Plate-Recognition/data_augment/transformed_image_without_bbox_378.png,96,70,189,125
C:/Users/MRITH/Downloads/ANN_CA_3/Number-Plate-Recognition/data_augment/transformed_image_without_bbox_379.png,22,118,126,176
C:/Users/MRITH/Downloads/ANN_CA_3/Number-Plate-Recognition/data_augment/transformed_image_without_bbox_380.png,23,103,53,143
C:/Users/MRITH/Downloads/ANN_CA_3/Number-Plate-Recognition/data_augment/transformed_image_without_bbox_381.png,36,137,91,171
C:/Users/MRITH/Downloads/ANN_CA_3/Number-Plate-Recognition/data_augment/transformed_image_without_bbox_382.png,95,175,182,204
C:/Users/MRITH/Downloads/ANN_CA_3/Number-Plate-Recognition/data_augment/transformed_image_without_bbox_383.png,199,37,221,48
C:/Users/MRITH/Downloads/ANN_CA_3/Number-Plate-Recognition/data_augment/transformed_image_without_bbox_384.png,140,165,173,196
C:/Users/MRITH/Downloads/ANN_CA_3/Number-Plate-Recognition/data_augment/transformed_image_without_bbox_385.png,37,54,224,221
C:/Users/MRITH/Downloads/ANN_CA_3/Number-Plate-Recognition/data_augment/transformed_image_without_bbox_386.png,35,46,94,81
C:/Users/MRITH/Downloads/ANN_CA_3/Number-Plate-Recognition/data_augment/transformed_image_without_bbox_387.png,98,53,155,89
C:/Users/MRITH/Downloads/ANN_CA_3/Number-Plate-Recognition/data_augment/transformed_image_without_bbox_388.png,92,121,160,145
C:/Users/MRITH/Downloads/ANN_CA_3/Number-Plate-Recognition/data_augment/transformed_image_without_bbox_389.png,32,45,94,82
C:/Users/MRITH/Downloads/ANN_CA_3/Number-Plate-Recognition/data_augment/transformed_image_without_bbox_390.png,3,151,31,176
C:/Users/MRITH/Downloads/ANN_CA_3/Number-Plate-Recognition/data_augment/transformed_image_without_bbox_391.png,154,175,186,205
C:/Users/MRITH/Downloads/ANN_CA_3/Number-Plate-Recognition/data_augment/transformed_image_without_bbox_392.png,89,146,163,204
C:/Users/MRITH/Downloads/ANN_CA_3/Number-Plate-Recognition/data_augment/transformed_image_without_bbox_393.png,60,11,135,55
C:/Users/MRITH/Downloads/ANN_CA_3/Number-Plate-Recognition/data_augment/transformed_image_without_bbox_394.png,132,98,188,116
C:/Users/MRITH/Downloads/ANN_CA_3/Number-Plate-Recognition/data_augment/transformed_image_without_bbox_395.png,154,154,184,174
C:/Users/MRITH/Downloads/ANN_CA_3/Number-Plate-Recognition/data_augment/transformed_image_without_bbox_396.png,0,116,77,164
C:/Users/MRITH/Downloads/ANN_CA_3/Number-Plate-Recognition/data_augment/transformed_image_without_bbox_397.png,92,74,138,111
C:/Users/MRITH/Downloads/ANN_CA_3/Number-Plate-Recognition/data_augment/transformed_image_without_bbox_398.png,120,119,210,202
C:/Users/MRITH/Downloads/ANN_CA_3/Number-Plate-Recognition/data_augment/transformed_image_without_bbox_399.png,51,51,214,205
C:/Users/MRITH/Downloads/ANN_CA_3/Number-Plate-Recognition/data_augment/transformed_image_without_bbox_400.png,193,47,217,72
C:/Users/MRITH/Downloads/ANN_CA_3/Number-Plate-Recognition/data_augment/transformed_image_without_bbox_401.png,102,50,154,66
C:/Users/MRITH/Downloads/ANN_CA_3/Number-Plate-Recognition/data_augment/transformed_image_without_bbox_402.png,199,164,245,184
C:/Users/MRITH/Downloads/ANN_CA_3/Number-Plate-Recognition/data_augment/transformed_image_without_bbox_403.png,43,151,66,167
C:/Users/MRITH/Downloads/ANN_CA_3/Number-Plate-Recognition/data_augment/transformed_image_without_bbox_404.png,93,99,143,122
C:/Users/MRITH/Downloads/ANN_CA_3/Number-Plate-Recognition/data_augment/transformed_image_without_bbox_405.png,116,157,146,183
C:/Users/MRITH/Downloads/ANN_CA_3/Number-Plate-Recognition/data_augment/transformed_image_without_bbox_406.png,119,109,161,141
C:/Users/MRITH/Downloads/ANN_CA_3/Number-Plate-Recognition/data_augment/transformed_image_without_bbox_407.png,34,175,56,193
C:/Users/MRITH/Downloads/ANN_CA_3/Number-Plate-Recognition/data_augment/transformed_image_without_bbox_408.png,102,37,119,47
C:/Users/MRITH/Downloads/ANN_CA_3/Number-Plate-Recognition/data_augment/transformed_image_without_bbox_409.png,92,98,162,121
C:/Users/MRITH/Downloads/ANN_CA_3/Number-Plate-Recognition/data_augment/transformed_image_without_bbox_410.png,43,96,186,135
C:/Users/MRITH/Downloads/ANN_CA_3/Number-Plate-Recognition/data_augment/transformed_image_without_bbox_411.png,84,136,151,195
C:/Users/MRITH/Downloads/ANN_CA_3/Number-Plate-Recognition/data_augment/transformed_image_without_bbox_412.png,95,125,157,147
C:/Users/MRITH/Downloads/ANN_CA_3/Number-Plate-Recognition/data_augment/transformed_image_without_bbox_413.png,82,94,104,113
C:/Users/MRITH/Downloads/ANN_CA_3/Number-Plate-Recognition/data_augment/transformed_image_without_bbox_414.png,24,68,56,98
C:/Users/MRITH/Downloads/ANN_CA_3/Number-Plate-Recognition/data_augment/transformed_image_without_bbox_415.png,85,131,169,166
C:/Users/MRITH/Downloads/ANN_CA_3/Number-Plate-Recognition/data_augment/transformed_image_without_bbox_416.png,106,176,160,188
C:/Users/MRITH/Downloads/ANN_CA_3/Number-Plate-Recognition/data_augment/transformed_image_without_bbox_417.png,81,125,198,170
C:/Users/MRITH/Downloads/ANN_CA_3/Number-Plate-Recognition/data_augment/transformed_image_without_bbox_418.png,53,65,203,191
C:/Users/MRITH/Downloads/ANN_CA_3/Number-Plate-Recognition/data_augment/transformed_image_without_bbox_419.png,48,139,151,212
C:/Users/MRITH/Downloads/ANN_CA_3/Number-Plate-Recognition/data_augment/transformed_image_without_bbox_420.png,153,75,184,97
C:/Users/MRITH/Downloads/ANN_CA_3/Number-Plate-Recognition/data_augment/transformed_image_without_bbox_421.png,174,99,195,117
C:/Users/MRITH/Downloads/ANN_CA_3/Number-Plate-Recognition/data_augment/transformed_image_without_bbox_422.png,67,95,126,137
C:/Users/MRITH/Downloads/ANN_CA_3/Number-Plate-Recognition/data_augment/transformed_image_without_bbox_423.png,52,132,132,191
C:/Users/MRITH/Downloads/ANN_CA_3/Number-Plate-Recognition/data_augment/transformed_image_without_bbox_424.png,59,98,201,137
C:/Users/MRITH/Downloads/ANN_CA_3/Number-Plate-Recognition/data_augment/transformed_image_without_bbox_425.png,101,113,147,145
C:/Users/MRITH/Downloads/ANN_CA_3/Number-Plate-Recognition/data_augment/transformed_image_without_bbox_426.png,94,52,180,80
C:/Users/MRITH/Downloads/ANN_CA_3/Number-Plate-Recognition/data_augment/transformed_image_without_bbox_427.png,100,126,160,146
C:/Users/MRITH/Downloads/ANN_CA_3/Number-Plate-Recognition/data_augment/transformed_image_without_bbox_428.png,98,68,178,122
C:/Users/MRITH/Downloads/ANN_CA_3/Number-Plate-Recognition/data_augment/transformed_image_without_bbox_429.png,79,106,182,124
C:/Users/MRITH/Downloads/ANN_CA_3/Number-Plate-Recognition/data_augment/transformed_image_without_bbox_430.png,169,186,224,235
C:/Users/MRITH/Downloads/ANN_CA_3/Number-Plate-Recognition/data_augment/transformed_image_without_bbox_431.png,35,109,219,196
C:/Users/MRITH/Downloads/ANN_CA_3/Number-Plate-Recognition/data_augment/transformed_image_without_bbox_432.png,52,220,107,242
